ARM GAS  C:\Users\Toubidou\AppData\Local\Temp\cc36igfg.s 			page 1


   1              		.cpu cortex-m4
   2              		.arch armv7e-m
   3              		.fpu fpv4-sp-d16
   4              		.eabi_attribute 27, 1
   5              		.eabi_attribute 28, 1
   6              		.eabi_attribute 20, 1
   7              		.eabi_attribute 21, 1
   8              		.eabi_attribute 23, 3
   9              		.eabi_attribute 24, 1
  10              		.eabi_attribute 25, 1
  11              		.eabi_attribute 26, 1
  12              		.eabi_attribute 30, 1
  13              		.eabi_attribute 34, 1
  14              		.eabi_attribute 18, 4
  15              		.file	"ktime_slice.c"
  16              		.text
  17              	.Ltext0:
  18              		.cfi_sections	.debug_frame
  19              		.file 1 "KTimeSlice/ktime_slice.c"
  20              		.section	.text.task_pool_init,"ax",%progbits
  21              		.align	1
  22              		.syntax unified
  23              		.thumb
  24              		.thumb_func
  26              	task_pool_init:
  27              	.LFB244:
   1:KTimeSlice/ktime_slice.c **** #include "ktime_slice.h"
   2:KTimeSlice/ktime_slice.c **** 
   3:KTimeSlice/ktime_slice.c **** static KTaskQueueHandle tq = {0, NULL, NULL};
   4:KTimeSlice/ktime_slice.c **** 
   5:KTimeSlice/ktime_slice.c **** static inline uint32_t critical_enter(void)
   6:KTimeSlice/ktime_slice.c **** {
   7:KTimeSlice/ktime_slice.c ****     uint32_t primask = __get_PRIMASK();
   8:KTimeSlice/ktime_slice.c ****     __disable_irq();
   9:KTimeSlice/ktime_slice.c ****     return primask;
  10:KTimeSlice/ktime_slice.c **** }
  11:KTimeSlice/ktime_slice.c **** static inline void critical_exit(uint32_t primask)
  12:KTimeSlice/ktime_slice.c **** {
  13:KTimeSlice/ktime_slice.c ****     __set_PRIMASK(primask);
  14:KTimeSlice/ktime_slice.c **** }
  15:KTimeSlice/ktime_slice.c **** 
  16:KTimeSlice/ktime_slice.c **** /* ====== 静态内存池 (KTASK_USE_STATIC_ALLOC == 1) ====== */
  17:KTimeSlice/ktime_slice.c **** #if KTASK_USE_STATIC_ALLOC
  18:KTimeSlice/ktime_slice.c **** 
  19:KTimeSlice/ktime_slice.c **** static KTaskNode task_pool[KTASK_NUM_MAX];
  20:KTimeSlice/ktime_slice.c **** static KTaskNode *task_free_list = NULL;
  21:KTimeSlice/ktime_slice.c **** static bool pool_initialized = false;
  22:KTimeSlice/ktime_slice.c **** 
  23:KTimeSlice/ktime_slice.c **** static void task_pool_init(void)
  24:KTimeSlice/ktime_slice.c **** {
  28              		.loc 1 24 1 view -0
  29              		.cfi_startproc
  30              		@ args = 0, pretend = 0, frame = 0
  31              		@ frame_needed = 0, uses_anonymous_args = 0
  32              		@ link register save eliminated.
  25:KTimeSlice/ktime_slice.c ****     if (pool_initialized) return;
  33              		.loc 1 25 5 view .LVU1
ARM GAS  C:\Users\Toubidou\AppData\Local\Temp\cc36igfg.s 			page 2


  34              		.loc 1 25 9 is_stmt 0 view .LVU2
  35 0000 0C4B     		ldr	r3, .L5
  36 0002 1B78     		ldrb	r3, [r3]	@ zero_extendqisi2
  37              		.loc 1 25 8 view .LVU3
  38 0004 A3B9     		cbnz	r3, .L1
  26:KTimeSlice/ktime_slice.c ****     uint32_t i;
  27:KTimeSlice/ktime_slice.c ****     for (i = 0; i < KTASK_NUM_MAX - 1; i++)
  39              		.loc 1 27 12 view .LVU4
  40 0006 1A46     		mov	r2, r3
  41 0008 07E0     		b	.L3
  42              	.LVL0:
  43              	.L4:
  28:KTimeSlice/ktime_slice.c ****     {
  29:KTimeSlice/ktime_slice.c ****         task_pool[i].next = &task_pool[i + 1];
  44              		.loc 1 29 9 is_stmt 1 view .LVU5
  45              		.loc 1 29 42 is_stmt 0 view .LVU6
  46 000a 511C     		adds	r1, r2, #1
  47              		.loc 1 29 29 view .LVU7
  48 000c 0A4B     		ldr	r3, .L5+4
  49 000e 03EB4110 		add	r0, r3, r1, lsl #5
  50              		.loc 1 29 27 view .LVU8
  51 0012 03EB4213 		add	r3, r3, r2, lsl #5
  52 0016 9861     		str	r0, [r3, #24]
  27:KTimeSlice/ktime_slice.c ****     {
  53              		.loc 1 27 41 is_stmt 1 discriminator 3 view .LVU9
  54              	.LVL1:
  27:KTimeSlice/ktime_slice.c ****     {
  55              		.loc 1 27 41 is_stmt 0 discriminator 3 view .LVU10
  56 0018 0A46     		mov	r2, r1
  57              	.LVL2:
  58              	.L3:
  27:KTimeSlice/ktime_slice.c ****     {
  59              		.loc 1 27 19 is_stmt 1 discriminator 1 view .LVU11
  60 001a 7E2A     		cmp	r2, #126
  61 001c F5D9     		bls	.L4
  30:KTimeSlice/ktime_slice.c ****     }
  31:KTimeSlice/ktime_slice.c ****     task_pool[KTASK_NUM_MAX - 1].next = NULL;
  62              		.loc 1 31 5 view .LVU12
  63              		.loc 1 31 39 is_stmt 0 view .LVU13
  64 001e 064B     		ldr	r3, .L5+4
  65 0020 0022     		movs	r2, #0
  66              	.LVL3:
  67              		.loc 1 31 39 view .LVU14
  68 0022 C3F8F82F 		str	r2, [r3, #4088]
  32:KTimeSlice/ktime_slice.c ****     task_free_list = &task_pool[0];
  69              		.loc 1 32 5 is_stmt 1 view .LVU15
  70              		.loc 1 32 20 is_stmt 0 view .LVU16
  71 0026 054A     		ldr	r2, .L5+8
  72 0028 1360     		str	r3, [r2]
  33:KTimeSlice/ktime_slice.c ****     pool_initialized = true;
  73              		.loc 1 33 5 is_stmt 1 view .LVU17
  74              		.loc 1 33 22 is_stmt 0 view .LVU18
  75 002a 024B     		ldr	r3, .L5
  76 002c 0122     		movs	r2, #1
  77 002e 1A70     		strb	r2, [r3]
  78              	.LVL4:
  79              	.L1:
ARM GAS  C:\Users\Toubidou\AppData\Local\Temp\cc36igfg.s 			page 3


  34:KTimeSlice/ktime_slice.c **** }
  80              		.loc 1 34 1 view .LVU19
  81 0030 7047     		bx	lr
  82              	.L6:
  83 0032 00BF     		.align	2
  84              	.L5:
  85 0034 00000000 		.word	pool_initialized
  86 0038 00000000 		.word	task_pool
  87 003c 00000000 		.word	task_free_list
  88              		.cfi_endproc
  89              	.LFE244:
  91              		.section	.text.task_pool_alloc,"ax",%progbits
  92              		.align	1
  93              		.syntax unified
  94              		.thumb
  95              		.thumb_func
  97              	task_pool_alloc:
  98              	.LFB245:
  35:KTimeSlice/ktime_slice.c **** 
  36:KTimeSlice/ktime_slice.c **** static KTaskNode *task_pool_alloc(void)
  37:KTimeSlice/ktime_slice.c **** {
  99              		.loc 1 37 1 is_stmt 1 view -0
 100              		.cfi_startproc
 101              		@ args = 0, pretend = 0, frame = 0
 102              		@ frame_needed = 0, uses_anonymous_args = 0
 103 0000 08B5     		push	{r3, lr}
 104              	.LCFI0:
 105              		.cfi_def_cfa_offset 8
 106              		.cfi_offset 3, -8
 107              		.cfi_offset 14, -4
  38:KTimeSlice/ktime_slice.c ****     if (!pool_initialized)
 108              		.loc 1 38 5 view .LVU21
 109              		.loc 1 38 9 is_stmt 0 view .LVU22
 110 0002 064B     		ldr	r3, .L12
 111 0004 1B78     		ldrb	r3, [r3]	@ zero_extendqisi2
 112              		.loc 1 38 8 view .LVU23
 113 0006 2BB1     		cbz	r3, .L11
 114              	.L8:
  39:KTimeSlice/ktime_slice.c ****     {
  40:KTimeSlice/ktime_slice.c ****         task_pool_init();
  41:KTimeSlice/ktime_slice.c ****     }
  42:KTimeSlice/ktime_slice.c ****     if (task_free_list == NULL)
 115              		.loc 1 42 5 is_stmt 1 view .LVU24
 116              		.loc 1 42 24 is_stmt 0 view .LVU25
 117 0008 054B     		ldr	r3, .L12+4
 118 000a 1868     		ldr	r0, [r3]
 119              		.loc 1 42 8 view .LVU26
 120 000c 08B1     		cbz	r0, .L7
  43:KTimeSlice/ktime_slice.c ****     {
  44:KTimeSlice/ktime_slice.c ****         return NULL;   /* 池已耗尽 */
  45:KTimeSlice/ktime_slice.c ****     }
  46:KTimeSlice/ktime_slice.c ****     KTaskNode *node = task_free_list;
 121              		.loc 1 46 5 is_stmt 1 view .LVU27
 122              	.LVL5:
  47:KTimeSlice/ktime_slice.c ****     task_free_list = task_free_list->next;
 123              		.loc 1 47 5 view .LVU28
 124              		.loc 1 47 36 is_stmt 0 view .LVU29
ARM GAS  C:\Users\Toubidou\AppData\Local\Temp\cc36igfg.s 			page 4


 125 000e 8269     		ldr	r2, [r0, #24]
 126              		.loc 1 47 20 view .LVU30
 127 0010 1A60     		str	r2, [r3]
  48:KTimeSlice/ktime_slice.c ****     return node;
 128              		.loc 1 48 5 is_stmt 1 view .LVU31
 129              	.LVL6:
 130              	.L7:
  49:KTimeSlice/ktime_slice.c **** }
 131              		.loc 1 49 1 is_stmt 0 view .LVU32
 132 0012 08BD     		pop	{r3, pc}
 133              	.L11:
  40:KTimeSlice/ktime_slice.c ****     }
 134              		.loc 1 40 9 is_stmt 1 view .LVU33
 135 0014 FFF7FEFF 		bl	task_pool_init
 136              	.LVL7:
 137 0018 F6E7     		b	.L8
 138              	.L13:
 139 001a 00BF     		.align	2
 140              	.L12:
 141 001c 00000000 		.word	pool_initialized
 142 0020 00000000 		.word	task_free_list
 143              		.cfi_endproc
 144              	.LFE245:
 146              		.section	.text.task_pool_free,"ax",%progbits
 147              		.align	1
 148              		.syntax unified
 149              		.thumb
 150              		.thumb_func
 152              	task_pool_free:
 153              	.LVL8:
 154              	.LFB246:
  50:KTimeSlice/ktime_slice.c **** 
  51:KTimeSlice/ktime_slice.c **** static void task_pool_free(KTaskNode *node)
  52:KTimeSlice/ktime_slice.c **** {
 155              		.loc 1 52 1 view -0
 156              		.cfi_startproc
 157              		@ args = 0, pretend = 0, frame = 0
 158              		@ frame_needed = 0, uses_anonymous_args = 0
 159              		@ link register save eliminated.
  53:KTimeSlice/ktime_slice.c ****     if (node == NULL) return;
 160              		.loc 1 53 5 view .LVU35
 161              		.loc 1 53 8 is_stmt 0 view .LVU36
 162 0000 18B1     		cbz	r0, .L14
  54:KTimeSlice/ktime_slice.c ****     node->next = task_free_list;   /* 复用 next 指针链入空闲链表 */
 163              		.loc 1 54 5 is_stmt 1 view .LVU37
 164              		.loc 1 54 16 is_stmt 0 view .LVU38
 165 0002 024A     		ldr	r2, .L16
 166 0004 1168     		ldr	r1, [r2]
 167 0006 8161     		str	r1, [r0, #24]
  55:KTimeSlice/ktime_slice.c ****     task_free_list = node;
 168              		.loc 1 55 5 is_stmt 1 view .LVU39
 169              		.loc 1 55 20 is_stmt 0 view .LVU40
 170 0008 1060     		str	r0, [r2]
 171              	.L14:
  56:KTimeSlice/ktime_slice.c **** }
 172              		.loc 1 56 1 view .LVU41
 173 000a 7047     		bx	lr
ARM GAS  C:\Users\Toubidou\AppData\Local\Temp\cc36igfg.s 			page 5


 174              	.L17:
 175              		.align	2
 176              	.L16:
 177 000c 00000000 		.word	task_free_list
 178              		.cfi_endproc
 179              	.LFE246:
 181              		.section	.text.ktask_inctick,"ax",%progbits
 182              		.align	1
 183              		.global	ktask_inctick
 184              		.syntax unified
 185              		.thumb
 186              		.thumb_func
 188              	ktask_inctick:
 189              	.LFB247:
  57:KTimeSlice/ktime_slice.c **** 
  58:KTimeSlice/ktime_slice.c **** #endif /* KTASK_USE_STATIC_ALLOC */
  59:KTimeSlice/ktime_slice.c **** 
  60:KTimeSlice/ktime_slice.c **** /// @brief Update the task state.
  61:KTimeSlice/ktime_slice.c **** /// @param  
  62:KTimeSlice/ktime_slice.c **** void ktask_inctick(void)           
  63:KTimeSlice/ktime_slice.c **** {
 190              		.loc 1 63 1 is_stmt 1 view -0
 191              		.cfi_startproc
 192              		@ args = 0, pretend = 0, frame = 0
 193              		@ frame_needed = 0, uses_anonymous_args = 0
 194              		@ link register save eliminated.
  64:KTimeSlice/ktime_slice.c **** 	uint8_t i;
 195              		.loc 1 64 2 view .LVU43
  65:KTimeSlice/ktime_slice.c **** 	KTaskNode *temp = tq.head;
 196              		.loc 1 65 2 view .LVU44
 197              		.loc 1 65 13 is_stmt 0 view .LVU45
 198 0000 1A4B     		ldr	r3, .L38
 199 0002 5B68     		ldr	r3, [r3, #4]
 200              	.LVL9:
  66:KTimeSlice/ktime_slice.c **** 	if ((tq.head == NULL) || (tq.task_num == 0))
 201              		.loc 1 66 2 is_stmt 1 view .LVU46
 202              		.loc 1 66 5 is_stmt 0 view .LVU47
 203 0004 002B     		cmp	r3, #0
 204 0006 2FD0     		beq	.L25
 205              		.loc 1 66 30 discriminator 1 view .LVU48
 206 0008 184A     		ldr	r2, .L38
 207 000a 1078     		ldrb	r0, [r2]	@ zero_extendqisi2
 208              		.loc 1 66 24 discriminator 1 view .LVU49
 209 000c 60B3     		cbz	r0, .L25
  67:KTimeSlice/ktime_slice.c **** 	{
  68:KTimeSlice/ktime_slice.c **** 		return;
  69:KTimeSlice/ktime_slice.c **** 	}
  70:KTimeSlice/ktime_slice.c **** 	
  71:KTimeSlice/ktime_slice.c **** 	for(i = 0; i < tq.task_num; i++)
 210              		.loc 1 71 8 view .LVU50
 211 000e 0022     		movs	r2, #0
 212 0010 08E0     		b	.L26
 213              	.LVL10:
 214              	.L36:
 215              	.LCFI1:
 216              		.cfi_def_cfa_offset 4
 217              		.cfi_offset 4, -4
ARM GAS  C:\Users\Toubidou\AppData\Local\Temp\cc36igfg.s 			page 6


  72:KTimeSlice/ktime_slice.c **** 	{
  73:KTimeSlice/ktime_slice.c **** 		if(temp->task_state == WAIT)
  74:KTimeSlice/ktime_slice.c **** 		{
  75:KTimeSlice/ktime_slice.c **** 			temp->time++;             
  76:KTimeSlice/ktime_slice.c **** 			temp->duration++;
  77:KTimeSlice/ktime_slice.c **** 			if(temp->time >= temp->period_ms)
  78:KTimeSlice/ktime_slice.c **** 			{
  79:KTimeSlice/ktime_slice.c **** 				temp->task_state = READY;       
  80:KTimeSlice/ktime_slice.c **** 			}
  81:KTimeSlice/ktime_slice.c **** 		}
  82:KTimeSlice/ktime_slice.c **** 	
  83:KTimeSlice/ktime_slice.c **** 		if(temp->next != NULL)
 218              		.loc 1 83 5 view .LVU51
 219 0012 1946     		mov	r1, r3
 220 0014 1CE0     		b	.L22
 221              	.LVL11:
 222              	.L37:
  84:KTimeSlice/ktime_slice.c **** 		{
  85:KTimeSlice/ktime_slice.c **** 			temp = temp->next;  
  86:KTimeSlice/ktime_slice.c **** 		}		          
  87:KTimeSlice/ktime_slice.c **** 	}
  88:KTimeSlice/ktime_slice.c **** }
 223              		.loc 1 88 1 view .LVU52
 224 0016 10BC     		pop	{r4}
 225              	.LCFI2:
 226              		.cfi_restore 4
 227              		.cfi_def_cfa_offset 0
 228 0018 7047     		bx	lr
 229              	.LVL12:
 230              	.L35:
  83:KTimeSlice/ktime_slice.c **** 		{
 231              		.loc 1 83 3 is_stmt 1 view .LVU53
  83:KTimeSlice/ktime_slice.c **** 		{
 232              		.loc 1 83 10 is_stmt 0 view .LVU54
 233 001a 9969     		ldr	r1, [r3, #24]
  83:KTimeSlice/ktime_slice.c **** 		{
 234              		.loc 1 83 5 view .LVU55
 235 001c 09B3     		cbz	r1, .L33
 236              	.L29:
 237              	.LVL13:
  71:KTimeSlice/ktime_slice.c **** 	{
 238              		.loc 1 71 31 is_stmt 1 discriminator 2 view .LVU56
 239 001e 0132     		adds	r2, r2, #1
 240              	.LVL14:
  71:KTimeSlice/ktime_slice.c **** 	{
 241              		.loc 1 71 31 is_stmt 0 discriminator 2 view .LVU57
 242 0020 D2B2     		uxtb	r2, r2
 243              	.LVL15:
  71:KTimeSlice/ktime_slice.c **** 	{
 244              		.loc 1 71 31 discriminator 2 view .LVU58
 245 0022 0B46     		mov	r3, r1
 246              	.LVL16:
 247              	.L26:
  71:KTimeSlice/ktime_slice.c **** 	{
 248              		.loc 1 71 15 is_stmt 1 discriminator 1 view .LVU59
 249 0024 9042     		cmp	r0, r2
 250 0026 1ED9     		bls	.L34
ARM GAS  C:\Users\Toubidou\AppData\Local\Temp\cc36igfg.s 			page 7


  73:KTimeSlice/ktime_slice.c **** 		{
 251              		.loc 1 73 3 view .LVU60
  73:KTimeSlice/ktime_slice.c **** 		{
 252              		.loc 1 73 10 is_stmt 0 view .LVU61
 253 0028 197A     		ldrb	r1, [r3, #8]	@ zero_extendqisi2
  73:KTimeSlice/ktime_slice.c **** 		{
 254              		.loc 1 73 5 view .LVU62
 255 002a 0229     		cmp	r1, #2
 256 002c F5D1     		bne	.L35
  63:KTimeSlice/ktime_slice.c **** 	uint8_t i;
 257              		.loc 1 63 1 view .LVU63
 258 002e 10B4     		push	{r4}
 259              	.LCFI3:
 260              		.cfi_def_cfa_offset 4
 261              		.cfi_offset 4, -4
 262              	.L27:
  75:KTimeSlice/ktime_slice.c **** 			temp->duration++;
 263              		.loc 1 75 4 is_stmt 1 view .LVU64
  75:KTimeSlice/ktime_slice.c **** 			temp->duration++;
 264              		.loc 1 75 8 is_stmt 0 view .LVU65
 265 0030 1968     		ldr	r1, [r3]
  75:KTimeSlice/ktime_slice.c **** 			temp->duration++;
 266              		.loc 1 75 14 view .LVU66
 267 0032 0131     		adds	r1, r1, #1
 268 0034 1960     		str	r1, [r3]
  76:KTimeSlice/ktime_slice.c **** 			if(temp->time >= temp->period_ms)
 269              		.loc 1 76 4 is_stmt 1 view .LVU67
  76:KTimeSlice/ktime_slice.c **** 			if(temp->time >= temp->period_ms)
 270              		.loc 1 76 18 is_stmt 0 view .LVU68
 271 0036 DC69     		ldr	r4, [r3, #28]
 272 0038 04F1010C 		add	ip, r4, #1
 273 003c C3F81CC0 		str	ip, [r3, #28]
  77:KTimeSlice/ktime_slice.c **** 			{
 274              		.loc 1 77 4 is_stmt 1 view .LVU69
  77:KTimeSlice/ktime_slice.c **** 			{
 275              		.loc 1 77 6 is_stmt 0 view .LVU70
 276 0040 5C68     		ldr	r4, [r3, #4]
 277 0042 A142     		cmp	r1, r4
 278 0044 01D3     		bcc	.L21
  79:KTimeSlice/ktime_slice.c **** 			}
 279              		.loc 1 79 5 is_stmt 1 view .LVU71
  79:KTimeSlice/ktime_slice.c **** 			}
 280              		.loc 1 79 22 is_stmt 0 view .LVU72
 281 0046 0121     		movs	r1, #1
 282 0048 1972     		strb	r1, [r3, #8]
 283              	.L21:
  83:KTimeSlice/ktime_slice.c **** 		{
 284              		.loc 1 83 3 is_stmt 1 view .LVU73
  83:KTimeSlice/ktime_slice.c **** 		{
 285              		.loc 1 83 10 is_stmt 0 view .LVU74
 286 004a 9969     		ldr	r1, [r3, #24]
  83:KTimeSlice/ktime_slice.c **** 		{
 287              		.loc 1 83 5 view .LVU75
 288 004c 0029     		cmp	r1, #0
 289 004e E0D0     		beq	.L36
 290              	.L22:
 291              	.LVL17:
ARM GAS  C:\Users\Toubidou\AppData\Local\Temp\cc36igfg.s 			page 8


  71:KTimeSlice/ktime_slice.c **** 	{
 292              		.loc 1 71 31 is_stmt 1 discriminator 2 view .LVU76
 293 0050 0132     		adds	r2, r2, #1
 294              	.LVL18:
  71:KTimeSlice/ktime_slice.c **** 	{
 295              		.loc 1 71 31 is_stmt 0 discriminator 2 view .LVU77
 296 0052 D2B2     		uxtb	r2, r2
 297              	.LVL19:
  71:KTimeSlice/ktime_slice.c **** 	{
 298              		.loc 1 71 31 discriminator 2 view .LVU78
 299 0054 0B46     		mov	r3, r1
  71:KTimeSlice/ktime_slice.c **** 	{
 300              		.loc 1 71 15 is_stmt 1 discriminator 1 view .LVU79
 301 0056 9042     		cmp	r0, r2
 302 0058 DDD9     		bls	.L37
  73:KTimeSlice/ktime_slice.c **** 		{
 303              		.loc 1 73 3 view .LVU80
  73:KTimeSlice/ktime_slice.c **** 		{
 304              		.loc 1 73 10 is_stmt 0 view .LVU81
 305 005a 197A     		ldrb	r1, [r3, #8]	@ zero_extendqisi2
 306              	.LVL20:
  73:KTimeSlice/ktime_slice.c **** 		{
 307              		.loc 1 73 5 view .LVU82
 308 005c 0229     		cmp	r1, #2
 309 005e F4D1     		bne	.L21
 310 0060 E6E7     		b	.L27
 311              	.L33:
 312              	.LCFI4:
 313              		.cfi_def_cfa_offset 0
 314              		.cfi_restore 4
  83:KTimeSlice/ktime_slice.c **** 		{
 315              		.loc 1 83 5 view .LVU83
 316 0062 1946     		mov	r1, r3
 317 0064 DBE7     		b	.L29
 318              	.L34:
  83:KTimeSlice/ktime_slice.c **** 		{
 319              		.loc 1 83 5 view .LVU84
 320 0066 7047     		bx	lr
 321              	.LVL21:
 322              	.L25:
  83:KTimeSlice/ktime_slice.c **** 		{
 323              		.loc 1 83 5 view .LVU85
 324 0068 7047     		bx	lr
 325              	.L39:
 326 006a 00BF     		.align	2
 327              	.L38:
 328 006c 00000000 		.word	tq
 329              		.cfi_endproc
 330              	.LFE247:
 332              		.section	.text.ktask_create,"ax",%progbits
 333              		.align	1
 334              		.global	ktask_create
 335              		.syntax unified
 336              		.thumb
 337              		.thumb_func
 339              	ktask_create:
 340              	.LVL22:
ARM GAS  C:\Users\Toubidou\AppData\Local\Temp\cc36igfg.s 			page 9


 341              	.LFB248:
  89:KTimeSlice/ktime_slice.c **** /// @brief 
  90:KTimeSlice/ktime_slice.c **** /// @param task 
  91:KTimeSlice/ktime_slice.c **** /// @param wait_time 
  92:KTimeSlice/ktime_slice.c **** /// @param repeat_count 1: run once 0: run forever
  93:KTimeSlice/ktime_slice.c **** /// @return 
  94:KTimeSlice/ktime_slice.c **** KTaskNode *ktask_create(void (*task)(void *parm), void *parm, uint32_t wait_time, uint8_t repeat_co
  95:KTimeSlice/ktime_slice.c **** {
 342              		.loc 1 95 1 is_stmt 1 view -0
 343              		.cfi_startproc
 344              		@ args = 0, pretend = 0, frame = 0
 345              		@ frame_needed = 0, uses_anonymous_args = 0
  96:KTimeSlice/ktime_slice.c **** 	if (task == NULL)
 346              		.loc 1 96 2 view .LVU87
 347              		.loc 1 96 5 is_stmt 0 view .LVU88
 348 0000 0028     		cmp	r0, #0
 349 0002 2DD0     		beq	.L47
  95:KTimeSlice/ktime_slice.c **** 	if (task == NULL)
 350              		.loc 1 95 1 view .LVU89
 351 0004 F8B5     		push	{r3, r4, r5, r6, r7, lr}
 352              	.LCFI5:
 353              		.cfi_def_cfa_offset 24
 354              		.cfi_offset 3, -24
 355              		.cfi_offset 4, -20
 356              		.cfi_offset 5, -16
 357              		.cfi_offset 6, -12
 358              		.cfi_offset 7, -8
 359              		.cfi_offset 14, -4
 360 0006 0F46     		mov	r7, r1
 361 0008 1646     		mov	r6, r2
 362 000a 1D46     		mov	r5, r3
 363 000c 0446     		mov	r4, r0
  97:KTimeSlice/ktime_slice.c **** 	{
  98:KTimeSlice/ktime_slice.c **** 		return NULL;
  99:KTimeSlice/ktime_slice.c **** 	}
 100:KTimeSlice/ktime_slice.c **** 	if (tq.task_num >= KTASK_NUM_MAX)
 364              		.loc 1 100 2 is_stmt 1 view .LVU90
 365              		.loc 1 100 8 is_stmt 0 view .LVU91
 366 000e 154B     		ldr	r3, .L51
 367              	.LVL23:
 368              		.loc 1 100 18 view .LVU92
 369 0010 93F90030 		ldrsb	r3, [r3]
 370              		.loc 1 100 5 view .LVU93
 371 0014 002B     		cmp	r3, #0
 372 0016 21DB     		blt	.L45
 101:KTimeSlice/ktime_slice.c **** 	{
 102:KTimeSlice/ktime_slice.c **** 		return NULL;
 103:KTimeSlice/ktime_slice.c **** 	}
 104:KTimeSlice/ktime_slice.c **** 	
 105:KTimeSlice/ktime_slice.c **** #if KTASK_USE_STATIC_ALLOC
 106:KTimeSlice/ktime_slice.c **** 	KTaskNode *new_ktask = task_pool_alloc();
 373              		.loc 1 106 2 is_stmt 1 view .LVU94
 374              		.loc 1 106 25 is_stmt 0 view .LVU95
 375 0018 FFF7FEFF 		bl	task_pool_alloc
 376              	.LVL24:
 107:KTimeSlice/ktime_slice.c **** #else
 108:KTimeSlice/ktime_slice.c **** 	KTaskNode *new_ktask = (KTaskNode *)malloc(sizeof(KTaskNode));
ARM GAS  C:\Users\Toubidou\AppData\Local\Temp\cc36igfg.s 			page 10


 109:KTimeSlice/ktime_slice.c **** #endif
 110:KTimeSlice/ktime_slice.c **** 	if (new_ktask == NULL)
 377              		.loc 1 110 2 is_stmt 1 view .LVU96
 378              		.loc 1 110 5 is_stmt 0 view .LVU97
 379 001c C8B1     		cbz	r0, .L40
 111:KTimeSlice/ktime_slice.c **** 	{
 112:KTimeSlice/ktime_slice.c **** 		return NULL;
 113:KTimeSlice/ktime_slice.c **** 	}
 114:KTimeSlice/ktime_slice.c **** 	
 115:KTimeSlice/ktime_slice.c **** 	new_ktask->task = task;
 380              		.loc 1 115 2 is_stmt 1 view .LVU98
 381              		.loc 1 115 18 is_stmt 0 view .LVU99
 382 001e C460     		str	r4, [r0, #12]
 116:KTimeSlice/ktime_slice.c **** 	new_ktask->time = 0;
 383              		.loc 1 116 2 is_stmt 1 view .LVU100
 384              		.loc 1 116 18 is_stmt 0 view .LVU101
 385 0020 0021     		movs	r1, #0
 386 0022 0160     		str	r1, [r0]
 117:KTimeSlice/ktime_slice.c **** 	new_ktask->period_ms = wait_time;
 387              		.loc 1 117 2 is_stmt 1 view .LVU102
 388              		.loc 1 117 23 is_stmt 0 view .LVU103
 389 0024 4660     		str	r6, [r0, #4]
 118:KTimeSlice/ktime_slice.c **** 	new_ktask->task_state = SLEEP;
 390              		.loc 1 118 2 is_stmt 1 view .LVU104
 391              		.loc 1 118 24 is_stmt 0 view .LVU105
 392 0026 0323     		movs	r3, #3
 393 0028 0372     		strb	r3, [r0, #8]
 119:KTimeSlice/ktime_slice.c **** 	new_ktask->repeat_count = repeat_count;
 394              		.loc 1 119 2 is_stmt 1 view .LVU106
 395              		.loc 1 119 26 is_stmt 0 view .LVU107
 396 002a 0575     		strb	r5, [r0, #20]
 120:KTimeSlice/ktime_slice.c **** 	new_ktask->next = NULL;
 397              		.loc 1 120 2 is_stmt 1 view .LVU108
 398              		.loc 1 120 18 is_stmt 0 view .LVU109
 399 002c 8161     		str	r1, [r0, #24]
 121:KTimeSlice/ktime_slice.c **** 	new_ktask->param = parm;
 400              		.loc 1 121 2 is_stmt 1 view .LVU110
 401              		.loc 1 121 19 is_stmt 0 view .LVU111
 402 002e 0761     		str	r7, [r0, #16]
 122:KTimeSlice/ktime_slice.c **** 	new_ktask->duration = 0;
 403              		.loc 1 122 2 is_stmt 1 view .LVU112
 404              		.loc 1 122 22 is_stmt 0 view .LVU113
 405 0030 C161     		str	r1, [r0, #28]
 123:KTimeSlice/ktime_slice.c **** 
 124:KTimeSlice/ktime_slice.c **** 	uint32_t primask = critical_enter();  	//irq disable
 406              		.loc 1 124 2 is_stmt 1 view .LVU114
 407              	.LBB72:
 408              	.LBI72:
   5:KTimeSlice/ktime_slice.c **** {
 409              		.loc 1 5 24 view .LVU115
 410              	.LBB73:
   7:KTimeSlice/ktime_slice.c ****     __disable_irq();
 411              		.loc 1 7 5 view .LVU116
 412              	.LBB74:
 413              	.LBI74:
 414              		.file 2 "Drivers/CMSIS/Include/cmsis_gcc.h"
   1:Drivers/CMSIS/Include/cmsis_gcc.h **** /**************************************************************************//**
ARM GAS  C:\Users\Toubidou\AppData\Local\Temp\cc36igfg.s 			page 11


   2:Drivers/CMSIS/Include/cmsis_gcc.h ****  * @file     cmsis_gcc.h
   3:Drivers/CMSIS/Include/cmsis_gcc.h ****  * @brief    CMSIS compiler GCC header file
   4:Drivers/CMSIS/Include/cmsis_gcc.h ****  * @version  V5.4.1
   5:Drivers/CMSIS/Include/cmsis_gcc.h ****  * @date     27. May 2021
   6:Drivers/CMSIS/Include/cmsis_gcc.h ****  ******************************************************************************/
   7:Drivers/CMSIS/Include/cmsis_gcc.h **** /*
   8:Drivers/CMSIS/Include/cmsis_gcc.h ****  * Copyright (c) 2009-2021 Arm Limited. All rights reserved.
   9:Drivers/CMSIS/Include/cmsis_gcc.h ****  *
  10:Drivers/CMSIS/Include/cmsis_gcc.h ****  * SPDX-License-Identifier: Apache-2.0
  11:Drivers/CMSIS/Include/cmsis_gcc.h ****  *
  12:Drivers/CMSIS/Include/cmsis_gcc.h ****  * Licensed under the Apache License, Version 2.0 (the License); you may
  13:Drivers/CMSIS/Include/cmsis_gcc.h ****  * not use this file except in compliance with the License.
  14:Drivers/CMSIS/Include/cmsis_gcc.h ****  * You may obtain a copy of the License at
  15:Drivers/CMSIS/Include/cmsis_gcc.h ****  *
  16:Drivers/CMSIS/Include/cmsis_gcc.h ****  * www.apache.org/licenses/LICENSE-2.0
  17:Drivers/CMSIS/Include/cmsis_gcc.h ****  *
  18:Drivers/CMSIS/Include/cmsis_gcc.h ****  * Unless required by applicable law or agreed to in writing, software
  19:Drivers/CMSIS/Include/cmsis_gcc.h ****  * distributed under the License is distributed on an AS IS BASIS, WITHOUT
  20:Drivers/CMSIS/Include/cmsis_gcc.h ****  * WARRANTIES OR CONDITIONS OF ANY KIND, either express or implied.
  21:Drivers/CMSIS/Include/cmsis_gcc.h ****  * See the License for the specific language governing permissions and
  22:Drivers/CMSIS/Include/cmsis_gcc.h ****  * limitations under the License.
  23:Drivers/CMSIS/Include/cmsis_gcc.h ****  */
  24:Drivers/CMSIS/Include/cmsis_gcc.h **** 
  25:Drivers/CMSIS/Include/cmsis_gcc.h **** #ifndef __CMSIS_GCC_H
  26:Drivers/CMSIS/Include/cmsis_gcc.h **** #define __CMSIS_GCC_H
  27:Drivers/CMSIS/Include/cmsis_gcc.h **** 
  28:Drivers/CMSIS/Include/cmsis_gcc.h **** /* ignore some GCC warnings */
  29:Drivers/CMSIS/Include/cmsis_gcc.h **** #pragma GCC diagnostic push
  30:Drivers/CMSIS/Include/cmsis_gcc.h **** #pragma GCC diagnostic ignored "-Wsign-conversion"
  31:Drivers/CMSIS/Include/cmsis_gcc.h **** #pragma GCC diagnostic ignored "-Wconversion"
  32:Drivers/CMSIS/Include/cmsis_gcc.h **** #pragma GCC diagnostic ignored "-Wunused-parameter"
  33:Drivers/CMSIS/Include/cmsis_gcc.h **** 
  34:Drivers/CMSIS/Include/cmsis_gcc.h **** /* Fallback for __has_builtin */
  35:Drivers/CMSIS/Include/cmsis_gcc.h **** #ifndef __has_builtin
  36:Drivers/CMSIS/Include/cmsis_gcc.h ****   #define __has_builtin(x) (0)
  37:Drivers/CMSIS/Include/cmsis_gcc.h **** #endif
  38:Drivers/CMSIS/Include/cmsis_gcc.h **** 
  39:Drivers/CMSIS/Include/cmsis_gcc.h **** /* CMSIS compiler specific defines */
  40:Drivers/CMSIS/Include/cmsis_gcc.h **** #ifndef   __ASM
  41:Drivers/CMSIS/Include/cmsis_gcc.h ****   #define __ASM                                  __asm
  42:Drivers/CMSIS/Include/cmsis_gcc.h **** #endif
  43:Drivers/CMSIS/Include/cmsis_gcc.h **** #ifndef   __INLINE
  44:Drivers/CMSIS/Include/cmsis_gcc.h ****   #define __INLINE                               inline
  45:Drivers/CMSIS/Include/cmsis_gcc.h **** #endif
  46:Drivers/CMSIS/Include/cmsis_gcc.h **** #ifndef   __STATIC_INLINE
  47:Drivers/CMSIS/Include/cmsis_gcc.h ****   #define __STATIC_INLINE                        static inline
  48:Drivers/CMSIS/Include/cmsis_gcc.h **** #endif
  49:Drivers/CMSIS/Include/cmsis_gcc.h **** #ifndef   __STATIC_FORCEINLINE
  50:Drivers/CMSIS/Include/cmsis_gcc.h ****   #define __STATIC_FORCEINLINE                   __attribute__((always_inline)) static inline
  51:Drivers/CMSIS/Include/cmsis_gcc.h **** #endif
  52:Drivers/CMSIS/Include/cmsis_gcc.h **** #ifndef   __NO_RETURN
  53:Drivers/CMSIS/Include/cmsis_gcc.h ****   #define __NO_RETURN                            __attribute__((__noreturn__))
  54:Drivers/CMSIS/Include/cmsis_gcc.h **** #endif
  55:Drivers/CMSIS/Include/cmsis_gcc.h **** #ifndef   __USED
  56:Drivers/CMSIS/Include/cmsis_gcc.h ****   #define __USED                                 __attribute__((used))
  57:Drivers/CMSIS/Include/cmsis_gcc.h **** #endif
  58:Drivers/CMSIS/Include/cmsis_gcc.h **** #ifndef   __WEAK
ARM GAS  C:\Users\Toubidou\AppData\Local\Temp\cc36igfg.s 			page 12


  59:Drivers/CMSIS/Include/cmsis_gcc.h ****   #define __WEAK                                 __attribute__((weak))
  60:Drivers/CMSIS/Include/cmsis_gcc.h **** #endif
  61:Drivers/CMSIS/Include/cmsis_gcc.h **** #ifndef   __PACKED
  62:Drivers/CMSIS/Include/cmsis_gcc.h ****   #define __PACKED                               __attribute__((packed, aligned(1)))
  63:Drivers/CMSIS/Include/cmsis_gcc.h **** #endif
  64:Drivers/CMSIS/Include/cmsis_gcc.h **** #ifndef   __PACKED_STRUCT
  65:Drivers/CMSIS/Include/cmsis_gcc.h ****   #define __PACKED_STRUCT                        struct __attribute__((packed, aligned(1)))
  66:Drivers/CMSIS/Include/cmsis_gcc.h **** #endif
  67:Drivers/CMSIS/Include/cmsis_gcc.h **** #ifndef   __PACKED_UNION
  68:Drivers/CMSIS/Include/cmsis_gcc.h ****   #define __PACKED_UNION                         union __attribute__((packed, aligned(1)))
  69:Drivers/CMSIS/Include/cmsis_gcc.h **** #endif
  70:Drivers/CMSIS/Include/cmsis_gcc.h **** #ifndef   __UNALIGNED_UINT32        /* deprecated */
  71:Drivers/CMSIS/Include/cmsis_gcc.h ****   #pragma GCC diagnostic push
  72:Drivers/CMSIS/Include/cmsis_gcc.h ****   #pragma GCC diagnostic ignored "-Wpacked"
  73:Drivers/CMSIS/Include/cmsis_gcc.h ****   #pragma GCC diagnostic ignored "-Wattributes"
  74:Drivers/CMSIS/Include/cmsis_gcc.h ****   struct __attribute__((packed)) T_UINT32 { uint32_t v; };
  75:Drivers/CMSIS/Include/cmsis_gcc.h ****   #pragma GCC diagnostic pop
  76:Drivers/CMSIS/Include/cmsis_gcc.h ****   #define __UNALIGNED_UINT32(x)                  (((struct T_UINT32 *)(x))->v)
  77:Drivers/CMSIS/Include/cmsis_gcc.h **** #endif
  78:Drivers/CMSIS/Include/cmsis_gcc.h **** #ifndef   __UNALIGNED_UINT16_WRITE
  79:Drivers/CMSIS/Include/cmsis_gcc.h ****   #pragma GCC diagnostic push
  80:Drivers/CMSIS/Include/cmsis_gcc.h ****   #pragma GCC diagnostic ignored "-Wpacked"
  81:Drivers/CMSIS/Include/cmsis_gcc.h ****   #pragma GCC diagnostic ignored "-Wattributes"
  82:Drivers/CMSIS/Include/cmsis_gcc.h ****   __PACKED_STRUCT T_UINT16_WRITE { uint16_t v; };
  83:Drivers/CMSIS/Include/cmsis_gcc.h ****   #pragma GCC diagnostic pop
  84:Drivers/CMSIS/Include/cmsis_gcc.h ****   #define __UNALIGNED_UINT16_WRITE(addr, val)    (void)((((struct T_UINT16_WRITE *)(void *)(addr))-
  85:Drivers/CMSIS/Include/cmsis_gcc.h **** #endif
  86:Drivers/CMSIS/Include/cmsis_gcc.h **** #ifndef   __UNALIGNED_UINT16_READ
  87:Drivers/CMSIS/Include/cmsis_gcc.h ****   #pragma GCC diagnostic push
  88:Drivers/CMSIS/Include/cmsis_gcc.h ****   #pragma GCC diagnostic ignored "-Wpacked"
  89:Drivers/CMSIS/Include/cmsis_gcc.h ****   #pragma GCC diagnostic ignored "-Wattributes"
  90:Drivers/CMSIS/Include/cmsis_gcc.h ****   __PACKED_STRUCT T_UINT16_READ { uint16_t v; };
  91:Drivers/CMSIS/Include/cmsis_gcc.h ****   #pragma GCC diagnostic pop
  92:Drivers/CMSIS/Include/cmsis_gcc.h ****   #define __UNALIGNED_UINT16_READ(addr)          (((const struct T_UINT16_READ *)(const void *)(add
  93:Drivers/CMSIS/Include/cmsis_gcc.h **** #endif
  94:Drivers/CMSIS/Include/cmsis_gcc.h **** #ifndef   __UNALIGNED_UINT32_WRITE
  95:Drivers/CMSIS/Include/cmsis_gcc.h ****   #pragma GCC diagnostic push
  96:Drivers/CMSIS/Include/cmsis_gcc.h ****   #pragma GCC diagnostic ignored "-Wpacked"
  97:Drivers/CMSIS/Include/cmsis_gcc.h ****   #pragma GCC diagnostic ignored "-Wattributes"
  98:Drivers/CMSIS/Include/cmsis_gcc.h ****   __PACKED_STRUCT T_UINT32_WRITE { uint32_t v; };
  99:Drivers/CMSIS/Include/cmsis_gcc.h ****   #pragma GCC diagnostic pop
 100:Drivers/CMSIS/Include/cmsis_gcc.h ****   #define __UNALIGNED_UINT32_WRITE(addr, val)    (void)((((struct T_UINT32_WRITE *)(void *)(addr))-
 101:Drivers/CMSIS/Include/cmsis_gcc.h **** #endif
 102:Drivers/CMSIS/Include/cmsis_gcc.h **** #ifndef   __UNALIGNED_UINT32_READ
 103:Drivers/CMSIS/Include/cmsis_gcc.h ****   #pragma GCC diagnostic push
 104:Drivers/CMSIS/Include/cmsis_gcc.h ****   #pragma GCC diagnostic ignored "-Wpacked"
 105:Drivers/CMSIS/Include/cmsis_gcc.h ****   #pragma GCC diagnostic ignored "-Wattributes"
 106:Drivers/CMSIS/Include/cmsis_gcc.h ****   __PACKED_STRUCT T_UINT32_READ { uint32_t v; };
 107:Drivers/CMSIS/Include/cmsis_gcc.h ****   #pragma GCC diagnostic pop
 108:Drivers/CMSIS/Include/cmsis_gcc.h ****   #define __UNALIGNED_UINT32_READ(addr)          (((const struct T_UINT32_READ *)(const void *)(add
 109:Drivers/CMSIS/Include/cmsis_gcc.h **** #endif
 110:Drivers/CMSIS/Include/cmsis_gcc.h **** #ifndef   __ALIGNED
 111:Drivers/CMSIS/Include/cmsis_gcc.h ****   #define __ALIGNED(x)                           __attribute__((aligned(x)))
 112:Drivers/CMSIS/Include/cmsis_gcc.h **** #endif
 113:Drivers/CMSIS/Include/cmsis_gcc.h **** #ifndef   __RESTRICT
 114:Drivers/CMSIS/Include/cmsis_gcc.h ****   #define __RESTRICT                             __restrict
 115:Drivers/CMSIS/Include/cmsis_gcc.h **** #endif
ARM GAS  C:\Users\Toubidou\AppData\Local\Temp\cc36igfg.s 			page 13


 116:Drivers/CMSIS/Include/cmsis_gcc.h **** #ifndef   __COMPILER_BARRIER
 117:Drivers/CMSIS/Include/cmsis_gcc.h ****   #define __COMPILER_BARRIER()                   __ASM volatile("":::"memory")
 118:Drivers/CMSIS/Include/cmsis_gcc.h **** #endif
 119:Drivers/CMSIS/Include/cmsis_gcc.h **** 
 120:Drivers/CMSIS/Include/cmsis_gcc.h **** /* #########################  Startup and Lowlevel Init  ######################## */
 121:Drivers/CMSIS/Include/cmsis_gcc.h **** 
 122:Drivers/CMSIS/Include/cmsis_gcc.h **** #ifndef __PROGRAM_START
 123:Drivers/CMSIS/Include/cmsis_gcc.h **** 
 124:Drivers/CMSIS/Include/cmsis_gcc.h **** /**
 125:Drivers/CMSIS/Include/cmsis_gcc.h ****   \brief   Initializes data and bss sections
 126:Drivers/CMSIS/Include/cmsis_gcc.h ****   \details This default implementations initialized all data and additional bss
 127:Drivers/CMSIS/Include/cmsis_gcc.h ****            sections relying on .copy.table and .zero.table specified properly
 128:Drivers/CMSIS/Include/cmsis_gcc.h ****            in the used linker script.
 129:Drivers/CMSIS/Include/cmsis_gcc.h **** 
 130:Drivers/CMSIS/Include/cmsis_gcc.h ****  */
 131:Drivers/CMSIS/Include/cmsis_gcc.h **** __STATIC_FORCEINLINE __NO_RETURN void __cmsis_start(void)
 132:Drivers/CMSIS/Include/cmsis_gcc.h **** {
 133:Drivers/CMSIS/Include/cmsis_gcc.h ****   extern void _start(void) __NO_RETURN;
 134:Drivers/CMSIS/Include/cmsis_gcc.h **** 
 135:Drivers/CMSIS/Include/cmsis_gcc.h ****   typedef struct {
 136:Drivers/CMSIS/Include/cmsis_gcc.h ****     uint32_t const* src;
 137:Drivers/CMSIS/Include/cmsis_gcc.h ****     uint32_t* dest;
 138:Drivers/CMSIS/Include/cmsis_gcc.h ****     uint32_t  wlen;
 139:Drivers/CMSIS/Include/cmsis_gcc.h ****   } __copy_table_t;
 140:Drivers/CMSIS/Include/cmsis_gcc.h **** 
 141:Drivers/CMSIS/Include/cmsis_gcc.h ****   typedef struct {
 142:Drivers/CMSIS/Include/cmsis_gcc.h ****     uint32_t* dest;
 143:Drivers/CMSIS/Include/cmsis_gcc.h ****     uint32_t  wlen;
 144:Drivers/CMSIS/Include/cmsis_gcc.h ****   } __zero_table_t;
 145:Drivers/CMSIS/Include/cmsis_gcc.h **** 
 146:Drivers/CMSIS/Include/cmsis_gcc.h ****   extern const __copy_table_t __copy_table_start__;
 147:Drivers/CMSIS/Include/cmsis_gcc.h ****   extern const __copy_table_t __copy_table_end__;
 148:Drivers/CMSIS/Include/cmsis_gcc.h ****   extern const __zero_table_t __zero_table_start__;
 149:Drivers/CMSIS/Include/cmsis_gcc.h ****   extern const __zero_table_t __zero_table_end__;
 150:Drivers/CMSIS/Include/cmsis_gcc.h **** 
 151:Drivers/CMSIS/Include/cmsis_gcc.h ****   for (__copy_table_t const* pTable = &__copy_table_start__; pTable < &__copy_table_end__; ++pTable
 152:Drivers/CMSIS/Include/cmsis_gcc.h ****     for(uint32_t i=0u; i<pTable->wlen; ++i) {
 153:Drivers/CMSIS/Include/cmsis_gcc.h ****       pTable->dest[i] = pTable->src[i];
 154:Drivers/CMSIS/Include/cmsis_gcc.h ****     }
 155:Drivers/CMSIS/Include/cmsis_gcc.h ****   }
 156:Drivers/CMSIS/Include/cmsis_gcc.h **** 
 157:Drivers/CMSIS/Include/cmsis_gcc.h ****   for (__zero_table_t const* pTable = &__zero_table_start__; pTable < &__zero_table_end__; ++pTable
 158:Drivers/CMSIS/Include/cmsis_gcc.h ****     for(uint32_t i=0u; i<pTable->wlen; ++i) {
 159:Drivers/CMSIS/Include/cmsis_gcc.h ****       pTable->dest[i] = 0u;
 160:Drivers/CMSIS/Include/cmsis_gcc.h ****     }
 161:Drivers/CMSIS/Include/cmsis_gcc.h ****   }
 162:Drivers/CMSIS/Include/cmsis_gcc.h **** 
 163:Drivers/CMSIS/Include/cmsis_gcc.h ****   _start();
 164:Drivers/CMSIS/Include/cmsis_gcc.h **** }
 165:Drivers/CMSIS/Include/cmsis_gcc.h **** 
 166:Drivers/CMSIS/Include/cmsis_gcc.h **** #define __PROGRAM_START           __cmsis_start
 167:Drivers/CMSIS/Include/cmsis_gcc.h **** #endif
 168:Drivers/CMSIS/Include/cmsis_gcc.h **** 
 169:Drivers/CMSIS/Include/cmsis_gcc.h **** #ifndef __INITIAL_SP
 170:Drivers/CMSIS/Include/cmsis_gcc.h **** #define __INITIAL_SP              __StackTop
 171:Drivers/CMSIS/Include/cmsis_gcc.h **** #endif
 172:Drivers/CMSIS/Include/cmsis_gcc.h **** 
ARM GAS  C:\Users\Toubidou\AppData\Local\Temp\cc36igfg.s 			page 14


 173:Drivers/CMSIS/Include/cmsis_gcc.h **** #ifndef __STACK_LIMIT
 174:Drivers/CMSIS/Include/cmsis_gcc.h **** #define __STACK_LIMIT             __StackLimit
 175:Drivers/CMSIS/Include/cmsis_gcc.h **** #endif
 176:Drivers/CMSIS/Include/cmsis_gcc.h **** 
 177:Drivers/CMSIS/Include/cmsis_gcc.h **** #ifndef __VECTOR_TABLE
 178:Drivers/CMSIS/Include/cmsis_gcc.h **** #define __VECTOR_TABLE            __Vectors
 179:Drivers/CMSIS/Include/cmsis_gcc.h **** #endif
 180:Drivers/CMSIS/Include/cmsis_gcc.h **** 
 181:Drivers/CMSIS/Include/cmsis_gcc.h **** #ifndef __VECTOR_TABLE_ATTRIBUTE
 182:Drivers/CMSIS/Include/cmsis_gcc.h **** #define __VECTOR_TABLE_ATTRIBUTE  __attribute__((used, section(".vectors")))
 183:Drivers/CMSIS/Include/cmsis_gcc.h **** #endif
 184:Drivers/CMSIS/Include/cmsis_gcc.h **** 
 185:Drivers/CMSIS/Include/cmsis_gcc.h **** #if defined (__ARM_FEATURE_CMSE) && (__ARM_FEATURE_CMSE == 3U)
 186:Drivers/CMSIS/Include/cmsis_gcc.h **** #ifndef __STACK_SEAL
 187:Drivers/CMSIS/Include/cmsis_gcc.h **** #define __STACK_SEAL              __StackSeal
 188:Drivers/CMSIS/Include/cmsis_gcc.h **** #endif
 189:Drivers/CMSIS/Include/cmsis_gcc.h **** 
 190:Drivers/CMSIS/Include/cmsis_gcc.h **** #ifndef __TZ_STACK_SEAL_SIZE
 191:Drivers/CMSIS/Include/cmsis_gcc.h **** #define __TZ_STACK_SEAL_SIZE      8U
 192:Drivers/CMSIS/Include/cmsis_gcc.h **** #endif
 193:Drivers/CMSIS/Include/cmsis_gcc.h **** 
 194:Drivers/CMSIS/Include/cmsis_gcc.h **** #ifndef __TZ_STACK_SEAL_VALUE
 195:Drivers/CMSIS/Include/cmsis_gcc.h **** #define __TZ_STACK_SEAL_VALUE     0xFEF5EDA5FEF5EDA5ULL
 196:Drivers/CMSIS/Include/cmsis_gcc.h **** #endif
 197:Drivers/CMSIS/Include/cmsis_gcc.h **** 
 198:Drivers/CMSIS/Include/cmsis_gcc.h **** 
 199:Drivers/CMSIS/Include/cmsis_gcc.h **** __STATIC_FORCEINLINE void __TZ_set_STACKSEAL_S (uint32_t* stackTop) {
 200:Drivers/CMSIS/Include/cmsis_gcc.h ****   *((uint64_t *)stackTop) = __TZ_STACK_SEAL_VALUE;
 201:Drivers/CMSIS/Include/cmsis_gcc.h **** }
 202:Drivers/CMSIS/Include/cmsis_gcc.h **** #endif
 203:Drivers/CMSIS/Include/cmsis_gcc.h **** 
 204:Drivers/CMSIS/Include/cmsis_gcc.h **** 
 205:Drivers/CMSIS/Include/cmsis_gcc.h **** /* ##########################  Core Instruction Access  ######################### */
 206:Drivers/CMSIS/Include/cmsis_gcc.h **** /** \defgroup CMSIS_Core_InstructionInterface CMSIS Core Instruction Interface
 207:Drivers/CMSIS/Include/cmsis_gcc.h ****   Access to dedicated instructions
 208:Drivers/CMSIS/Include/cmsis_gcc.h ****   @{
 209:Drivers/CMSIS/Include/cmsis_gcc.h **** */
 210:Drivers/CMSIS/Include/cmsis_gcc.h **** 
 211:Drivers/CMSIS/Include/cmsis_gcc.h **** /* Define macros for porting to both thumb1 and thumb2.
 212:Drivers/CMSIS/Include/cmsis_gcc.h ****  * For thumb1, use low register (r0-r7), specified by constraint "l"
 213:Drivers/CMSIS/Include/cmsis_gcc.h ****  * Otherwise, use general registers, specified by constraint "r" */
 214:Drivers/CMSIS/Include/cmsis_gcc.h **** #if defined (__thumb__) && !defined (__thumb2__)
 215:Drivers/CMSIS/Include/cmsis_gcc.h **** #define __CMSIS_GCC_OUT_REG(r) "=l" (r)
 216:Drivers/CMSIS/Include/cmsis_gcc.h **** #define __CMSIS_GCC_RW_REG(r) "+l" (r)
 217:Drivers/CMSIS/Include/cmsis_gcc.h **** #define __CMSIS_GCC_USE_REG(r) "l" (r)
 218:Drivers/CMSIS/Include/cmsis_gcc.h **** #else
 219:Drivers/CMSIS/Include/cmsis_gcc.h **** #define __CMSIS_GCC_OUT_REG(r) "=r" (r)
 220:Drivers/CMSIS/Include/cmsis_gcc.h **** #define __CMSIS_GCC_RW_REG(r) "+r" (r)
 221:Drivers/CMSIS/Include/cmsis_gcc.h **** #define __CMSIS_GCC_USE_REG(r) "r" (r)
 222:Drivers/CMSIS/Include/cmsis_gcc.h **** #endif
 223:Drivers/CMSIS/Include/cmsis_gcc.h **** 
 224:Drivers/CMSIS/Include/cmsis_gcc.h **** /**
 225:Drivers/CMSIS/Include/cmsis_gcc.h ****   \brief   No Operation
 226:Drivers/CMSIS/Include/cmsis_gcc.h ****   \details No Operation does nothing. This instruction can be used for code alignment purposes.
 227:Drivers/CMSIS/Include/cmsis_gcc.h ****  */
 228:Drivers/CMSIS/Include/cmsis_gcc.h **** #define __NOP()                             __ASM volatile ("nop")
 229:Drivers/CMSIS/Include/cmsis_gcc.h **** 
ARM GAS  C:\Users\Toubidou\AppData\Local\Temp\cc36igfg.s 			page 15


 230:Drivers/CMSIS/Include/cmsis_gcc.h **** /**
 231:Drivers/CMSIS/Include/cmsis_gcc.h ****   \brief   Wait For Interrupt
 232:Drivers/CMSIS/Include/cmsis_gcc.h ****   \details Wait For Interrupt is a hint instruction that suspends execution until one of a number o
 233:Drivers/CMSIS/Include/cmsis_gcc.h ****  */
 234:Drivers/CMSIS/Include/cmsis_gcc.h **** #define __WFI()                             __ASM volatile ("wfi":::"memory")
 235:Drivers/CMSIS/Include/cmsis_gcc.h **** 
 236:Drivers/CMSIS/Include/cmsis_gcc.h **** 
 237:Drivers/CMSIS/Include/cmsis_gcc.h **** /**
 238:Drivers/CMSIS/Include/cmsis_gcc.h ****   \brief   Wait For Event
 239:Drivers/CMSIS/Include/cmsis_gcc.h ****   \details Wait For Event is a hint instruction that permits the processor to enter
 240:Drivers/CMSIS/Include/cmsis_gcc.h ****            a low-power state until one of a number of events occurs.
 241:Drivers/CMSIS/Include/cmsis_gcc.h ****  */
 242:Drivers/CMSIS/Include/cmsis_gcc.h **** #define __WFE()                             __ASM volatile ("wfe":::"memory")
 243:Drivers/CMSIS/Include/cmsis_gcc.h **** 
 244:Drivers/CMSIS/Include/cmsis_gcc.h **** 
 245:Drivers/CMSIS/Include/cmsis_gcc.h **** /**
 246:Drivers/CMSIS/Include/cmsis_gcc.h ****   \brief   Send Event
 247:Drivers/CMSIS/Include/cmsis_gcc.h ****   \details Send Event is a hint instruction. It causes an event to be signaled to the CPU.
 248:Drivers/CMSIS/Include/cmsis_gcc.h ****  */
 249:Drivers/CMSIS/Include/cmsis_gcc.h **** #define __SEV()                             __ASM volatile ("sev")
 250:Drivers/CMSIS/Include/cmsis_gcc.h **** 
 251:Drivers/CMSIS/Include/cmsis_gcc.h **** 
 252:Drivers/CMSIS/Include/cmsis_gcc.h **** /**
 253:Drivers/CMSIS/Include/cmsis_gcc.h ****   \brief   Instruction Synchronization Barrier
 254:Drivers/CMSIS/Include/cmsis_gcc.h ****   \details Instruction Synchronization Barrier flushes the pipeline in the processor,
 255:Drivers/CMSIS/Include/cmsis_gcc.h ****            so that all instructions following the ISB are fetched from cache or memory,
 256:Drivers/CMSIS/Include/cmsis_gcc.h ****            after the instruction has been completed.
 257:Drivers/CMSIS/Include/cmsis_gcc.h ****  */
 258:Drivers/CMSIS/Include/cmsis_gcc.h **** __STATIC_FORCEINLINE void __ISB(void)
 259:Drivers/CMSIS/Include/cmsis_gcc.h **** {
 260:Drivers/CMSIS/Include/cmsis_gcc.h ****   __ASM volatile ("isb 0xF":::"memory");
 261:Drivers/CMSIS/Include/cmsis_gcc.h **** }
 262:Drivers/CMSIS/Include/cmsis_gcc.h **** 
 263:Drivers/CMSIS/Include/cmsis_gcc.h **** 
 264:Drivers/CMSIS/Include/cmsis_gcc.h **** /**
 265:Drivers/CMSIS/Include/cmsis_gcc.h ****   \brief   Data Synchronization Barrier
 266:Drivers/CMSIS/Include/cmsis_gcc.h ****   \details Acts as a special kind of Data Memory Barrier.
 267:Drivers/CMSIS/Include/cmsis_gcc.h ****            It completes when all explicit memory accesses before this instruction complete.
 268:Drivers/CMSIS/Include/cmsis_gcc.h ****  */
 269:Drivers/CMSIS/Include/cmsis_gcc.h **** __STATIC_FORCEINLINE void __DSB(void)
 270:Drivers/CMSIS/Include/cmsis_gcc.h **** {
 271:Drivers/CMSIS/Include/cmsis_gcc.h ****   __ASM volatile ("dsb 0xF":::"memory");
 272:Drivers/CMSIS/Include/cmsis_gcc.h **** }
 273:Drivers/CMSIS/Include/cmsis_gcc.h **** 
 274:Drivers/CMSIS/Include/cmsis_gcc.h **** 
 275:Drivers/CMSIS/Include/cmsis_gcc.h **** /**
 276:Drivers/CMSIS/Include/cmsis_gcc.h ****   \brief   Data Memory Barrier
 277:Drivers/CMSIS/Include/cmsis_gcc.h ****   \details Ensures the apparent order of the explicit memory operations before
 278:Drivers/CMSIS/Include/cmsis_gcc.h ****            and after the instruction, without ensuring their completion.
 279:Drivers/CMSIS/Include/cmsis_gcc.h ****  */
 280:Drivers/CMSIS/Include/cmsis_gcc.h **** __STATIC_FORCEINLINE void __DMB(void)
 281:Drivers/CMSIS/Include/cmsis_gcc.h **** {
 282:Drivers/CMSIS/Include/cmsis_gcc.h ****   __ASM volatile ("dmb 0xF":::"memory");
 283:Drivers/CMSIS/Include/cmsis_gcc.h **** }
 284:Drivers/CMSIS/Include/cmsis_gcc.h **** 
 285:Drivers/CMSIS/Include/cmsis_gcc.h **** 
 286:Drivers/CMSIS/Include/cmsis_gcc.h **** /**
ARM GAS  C:\Users\Toubidou\AppData\Local\Temp\cc36igfg.s 			page 16


 287:Drivers/CMSIS/Include/cmsis_gcc.h ****   \brief   Reverse byte order (32 bit)
 288:Drivers/CMSIS/Include/cmsis_gcc.h ****   \details Reverses the byte order in unsigned integer value. For example, 0x12345678 becomes 0x785
 289:Drivers/CMSIS/Include/cmsis_gcc.h ****   \param [in]    value  Value to reverse
 290:Drivers/CMSIS/Include/cmsis_gcc.h ****   \return               Reversed value
 291:Drivers/CMSIS/Include/cmsis_gcc.h ****  */
 292:Drivers/CMSIS/Include/cmsis_gcc.h **** __STATIC_FORCEINLINE uint32_t __REV(uint32_t value)
 293:Drivers/CMSIS/Include/cmsis_gcc.h **** {
 294:Drivers/CMSIS/Include/cmsis_gcc.h **** #if (__GNUC__ > 4) || (__GNUC__ == 4 && __GNUC_MINOR__ >= 5)
 295:Drivers/CMSIS/Include/cmsis_gcc.h ****   return __builtin_bswap32(value);
 296:Drivers/CMSIS/Include/cmsis_gcc.h **** #else
 297:Drivers/CMSIS/Include/cmsis_gcc.h ****   uint32_t result;
 298:Drivers/CMSIS/Include/cmsis_gcc.h **** 
 299:Drivers/CMSIS/Include/cmsis_gcc.h ****   __ASM ("rev %0, %1" : __CMSIS_GCC_OUT_REG (result) : __CMSIS_GCC_USE_REG (value) );
 300:Drivers/CMSIS/Include/cmsis_gcc.h ****   return result;
 301:Drivers/CMSIS/Include/cmsis_gcc.h **** #endif
 302:Drivers/CMSIS/Include/cmsis_gcc.h **** }
 303:Drivers/CMSIS/Include/cmsis_gcc.h **** 
 304:Drivers/CMSIS/Include/cmsis_gcc.h **** 
 305:Drivers/CMSIS/Include/cmsis_gcc.h **** /**
 306:Drivers/CMSIS/Include/cmsis_gcc.h ****   \brief   Reverse byte order (16 bit)
 307:Drivers/CMSIS/Include/cmsis_gcc.h ****   \details Reverses the byte order within each halfword of a word. For example, 0x12345678 becomes 
 308:Drivers/CMSIS/Include/cmsis_gcc.h ****   \param [in]    value  Value to reverse
 309:Drivers/CMSIS/Include/cmsis_gcc.h ****   \return               Reversed value
 310:Drivers/CMSIS/Include/cmsis_gcc.h ****  */
 311:Drivers/CMSIS/Include/cmsis_gcc.h **** __STATIC_FORCEINLINE uint32_t __REV16(uint32_t value)
 312:Drivers/CMSIS/Include/cmsis_gcc.h **** {
 313:Drivers/CMSIS/Include/cmsis_gcc.h ****   uint32_t result;
 314:Drivers/CMSIS/Include/cmsis_gcc.h **** 
 315:Drivers/CMSIS/Include/cmsis_gcc.h ****   __ASM ("rev16 %0, %1" : __CMSIS_GCC_OUT_REG (result) : __CMSIS_GCC_USE_REG (value) );
 316:Drivers/CMSIS/Include/cmsis_gcc.h ****   return result;
 317:Drivers/CMSIS/Include/cmsis_gcc.h **** }
 318:Drivers/CMSIS/Include/cmsis_gcc.h **** 
 319:Drivers/CMSIS/Include/cmsis_gcc.h **** 
 320:Drivers/CMSIS/Include/cmsis_gcc.h **** /**
 321:Drivers/CMSIS/Include/cmsis_gcc.h ****   \brief   Reverse byte order (16 bit)
 322:Drivers/CMSIS/Include/cmsis_gcc.h ****   \details Reverses the byte order in a 16-bit value and returns the signed 16-bit result. For exam
 323:Drivers/CMSIS/Include/cmsis_gcc.h ****   \param [in]    value  Value to reverse
 324:Drivers/CMSIS/Include/cmsis_gcc.h ****   \return               Reversed value
 325:Drivers/CMSIS/Include/cmsis_gcc.h ****  */
 326:Drivers/CMSIS/Include/cmsis_gcc.h **** __STATIC_FORCEINLINE int16_t __REVSH(int16_t value)
 327:Drivers/CMSIS/Include/cmsis_gcc.h **** {
 328:Drivers/CMSIS/Include/cmsis_gcc.h **** #if (__GNUC__ > 4) || (__GNUC__ == 4 && __GNUC_MINOR__ >= 8)
 329:Drivers/CMSIS/Include/cmsis_gcc.h ****   return (int16_t)__builtin_bswap16(value);
 330:Drivers/CMSIS/Include/cmsis_gcc.h **** #else
 331:Drivers/CMSIS/Include/cmsis_gcc.h ****   int16_t result;
 332:Drivers/CMSIS/Include/cmsis_gcc.h **** 
 333:Drivers/CMSIS/Include/cmsis_gcc.h ****   __ASM ("revsh %0, %1" : __CMSIS_GCC_OUT_REG (result) : __CMSIS_GCC_USE_REG (value) );
 334:Drivers/CMSIS/Include/cmsis_gcc.h ****   return result;
 335:Drivers/CMSIS/Include/cmsis_gcc.h **** #endif
 336:Drivers/CMSIS/Include/cmsis_gcc.h **** }
 337:Drivers/CMSIS/Include/cmsis_gcc.h **** 
 338:Drivers/CMSIS/Include/cmsis_gcc.h **** 
 339:Drivers/CMSIS/Include/cmsis_gcc.h **** /**
 340:Drivers/CMSIS/Include/cmsis_gcc.h ****   \brief   Rotate Right in unsigned value (32 bit)
 341:Drivers/CMSIS/Include/cmsis_gcc.h ****   \details Rotate Right (immediate) provides the value of the contents of a register rotated by a v
 342:Drivers/CMSIS/Include/cmsis_gcc.h ****   \param [in]    op1  Value to rotate
 343:Drivers/CMSIS/Include/cmsis_gcc.h ****   \param [in]    op2  Number of Bits to rotate
ARM GAS  C:\Users\Toubidou\AppData\Local\Temp\cc36igfg.s 			page 17


 344:Drivers/CMSIS/Include/cmsis_gcc.h ****   \return               Rotated value
 345:Drivers/CMSIS/Include/cmsis_gcc.h ****  */
 346:Drivers/CMSIS/Include/cmsis_gcc.h **** __STATIC_FORCEINLINE uint32_t __ROR(uint32_t op1, uint32_t op2)
 347:Drivers/CMSIS/Include/cmsis_gcc.h **** {
 348:Drivers/CMSIS/Include/cmsis_gcc.h ****   op2 %= 32U;
 349:Drivers/CMSIS/Include/cmsis_gcc.h ****   if (op2 == 0U)
 350:Drivers/CMSIS/Include/cmsis_gcc.h ****   {
 351:Drivers/CMSIS/Include/cmsis_gcc.h ****     return op1;
 352:Drivers/CMSIS/Include/cmsis_gcc.h ****   }
 353:Drivers/CMSIS/Include/cmsis_gcc.h ****   return (op1 >> op2) | (op1 << (32U - op2));
 354:Drivers/CMSIS/Include/cmsis_gcc.h **** }
 355:Drivers/CMSIS/Include/cmsis_gcc.h **** 
 356:Drivers/CMSIS/Include/cmsis_gcc.h **** 
 357:Drivers/CMSIS/Include/cmsis_gcc.h **** /**
 358:Drivers/CMSIS/Include/cmsis_gcc.h ****   \brief   Breakpoint
 359:Drivers/CMSIS/Include/cmsis_gcc.h ****   \details Causes the processor to enter Debug state.
 360:Drivers/CMSIS/Include/cmsis_gcc.h ****            Debug tools can use this to investigate system state when the instruction at a particula
 361:Drivers/CMSIS/Include/cmsis_gcc.h ****   \param [in]    value  is ignored by the processor.
 362:Drivers/CMSIS/Include/cmsis_gcc.h ****                  If required, a debugger can use it to store additional information about the break
 363:Drivers/CMSIS/Include/cmsis_gcc.h ****  */
 364:Drivers/CMSIS/Include/cmsis_gcc.h **** #define __BKPT(value)                       __ASM volatile ("bkpt "#value)
 365:Drivers/CMSIS/Include/cmsis_gcc.h **** 
 366:Drivers/CMSIS/Include/cmsis_gcc.h **** 
 367:Drivers/CMSIS/Include/cmsis_gcc.h **** /**
 368:Drivers/CMSIS/Include/cmsis_gcc.h ****   \brief   Reverse bit order of value
 369:Drivers/CMSIS/Include/cmsis_gcc.h ****   \details Reverses the bit order of the given value.
 370:Drivers/CMSIS/Include/cmsis_gcc.h ****   \param [in]    value  Value to reverse
 371:Drivers/CMSIS/Include/cmsis_gcc.h ****   \return               Reversed value
 372:Drivers/CMSIS/Include/cmsis_gcc.h ****  */
 373:Drivers/CMSIS/Include/cmsis_gcc.h **** __STATIC_FORCEINLINE uint32_t __RBIT(uint32_t value)
 374:Drivers/CMSIS/Include/cmsis_gcc.h **** {
 375:Drivers/CMSIS/Include/cmsis_gcc.h ****   uint32_t result;
 376:Drivers/CMSIS/Include/cmsis_gcc.h **** 
 377:Drivers/CMSIS/Include/cmsis_gcc.h **** #if ((defined (__ARM_ARCH_7M__      ) && (__ARM_ARCH_7M__      == 1)) || \
 378:Drivers/CMSIS/Include/cmsis_gcc.h ****      (defined (__ARM_ARCH_7EM__     ) && (__ARM_ARCH_7EM__     == 1)) || \
 379:Drivers/CMSIS/Include/cmsis_gcc.h ****      (defined (__ARM_ARCH_8M_MAIN__ ) && (__ARM_ARCH_8M_MAIN__ == 1))    )
 380:Drivers/CMSIS/Include/cmsis_gcc.h ****    __ASM ("rbit %0, %1" : "=r" (result) : "r" (value) );
 381:Drivers/CMSIS/Include/cmsis_gcc.h **** #else
 382:Drivers/CMSIS/Include/cmsis_gcc.h ****   uint32_t s = (4U /*sizeof(v)*/ * 8U) - 1U; /* extra shift needed at end */
 383:Drivers/CMSIS/Include/cmsis_gcc.h **** 
 384:Drivers/CMSIS/Include/cmsis_gcc.h ****   result = value;                      /* r will be reversed bits of v; first get LSB of v */
 385:Drivers/CMSIS/Include/cmsis_gcc.h ****   for (value >>= 1U; value != 0U; value >>= 1U)
 386:Drivers/CMSIS/Include/cmsis_gcc.h ****   {
 387:Drivers/CMSIS/Include/cmsis_gcc.h ****     result <<= 1U;
 388:Drivers/CMSIS/Include/cmsis_gcc.h ****     result |= value & 1U;
 389:Drivers/CMSIS/Include/cmsis_gcc.h ****     s--;
 390:Drivers/CMSIS/Include/cmsis_gcc.h ****   }
 391:Drivers/CMSIS/Include/cmsis_gcc.h ****   result <<= s;                        /* shift when v's highest bits are zero */
 392:Drivers/CMSIS/Include/cmsis_gcc.h **** #endif
 393:Drivers/CMSIS/Include/cmsis_gcc.h ****   return result;
 394:Drivers/CMSIS/Include/cmsis_gcc.h **** }
 395:Drivers/CMSIS/Include/cmsis_gcc.h **** 
 396:Drivers/CMSIS/Include/cmsis_gcc.h **** 
 397:Drivers/CMSIS/Include/cmsis_gcc.h **** /**
 398:Drivers/CMSIS/Include/cmsis_gcc.h ****   \brief   Count leading zeros
 399:Drivers/CMSIS/Include/cmsis_gcc.h ****   \details Counts the number of leading zeros of a data value.
 400:Drivers/CMSIS/Include/cmsis_gcc.h ****   \param [in]  value  Value to count the leading zeros
ARM GAS  C:\Users\Toubidou\AppData\Local\Temp\cc36igfg.s 			page 18


 401:Drivers/CMSIS/Include/cmsis_gcc.h ****   \return             number of leading zeros in value
 402:Drivers/CMSIS/Include/cmsis_gcc.h ****  */
 403:Drivers/CMSIS/Include/cmsis_gcc.h **** __STATIC_FORCEINLINE uint8_t __CLZ(uint32_t value)
 404:Drivers/CMSIS/Include/cmsis_gcc.h **** {
 405:Drivers/CMSIS/Include/cmsis_gcc.h ****   /* Even though __builtin_clz produces a CLZ instruction on ARM, formally
 406:Drivers/CMSIS/Include/cmsis_gcc.h ****      __builtin_clz(0) is undefined behaviour, so handle this case specially.
 407:Drivers/CMSIS/Include/cmsis_gcc.h ****      This guarantees ARM-compatible results if happening to compile on a non-ARM
 408:Drivers/CMSIS/Include/cmsis_gcc.h ****      target, and ensures the compiler doesn't decide to activate any
 409:Drivers/CMSIS/Include/cmsis_gcc.h ****      optimisations using the logic "value was passed to __builtin_clz, so it
 410:Drivers/CMSIS/Include/cmsis_gcc.h ****      is non-zero".
 411:Drivers/CMSIS/Include/cmsis_gcc.h ****      ARM GCC 7.3 and possibly earlier will optimise this test away, leaving a
 412:Drivers/CMSIS/Include/cmsis_gcc.h ****      single CLZ instruction.
 413:Drivers/CMSIS/Include/cmsis_gcc.h ****    */
 414:Drivers/CMSIS/Include/cmsis_gcc.h ****   if (value == 0U)
 415:Drivers/CMSIS/Include/cmsis_gcc.h ****   {
 416:Drivers/CMSIS/Include/cmsis_gcc.h ****     return 32U;
 417:Drivers/CMSIS/Include/cmsis_gcc.h ****   }
 418:Drivers/CMSIS/Include/cmsis_gcc.h ****   return __builtin_clz(value);
 419:Drivers/CMSIS/Include/cmsis_gcc.h **** }
 420:Drivers/CMSIS/Include/cmsis_gcc.h **** 
 421:Drivers/CMSIS/Include/cmsis_gcc.h **** 
 422:Drivers/CMSIS/Include/cmsis_gcc.h **** #if ((defined (__ARM_ARCH_7M__      ) && (__ARM_ARCH_7M__      == 1)) || \
 423:Drivers/CMSIS/Include/cmsis_gcc.h ****      (defined (__ARM_ARCH_7EM__     ) && (__ARM_ARCH_7EM__     == 1)) || \
 424:Drivers/CMSIS/Include/cmsis_gcc.h ****      (defined (__ARM_ARCH_8M_MAIN__ ) && (__ARM_ARCH_8M_MAIN__ == 1)) || \
 425:Drivers/CMSIS/Include/cmsis_gcc.h ****      (defined (__ARM_ARCH_8M_BASE__ ) && (__ARM_ARCH_8M_BASE__ == 1))    )
 426:Drivers/CMSIS/Include/cmsis_gcc.h **** /**
 427:Drivers/CMSIS/Include/cmsis_gcc.h ****   \brief   LDR Exclusive (8 bit)
 428:Drivers/CMSIS/Include/cmsis_gcc.h ****   \details Executes a exclusive LDR instruction for 8 bit value.
 429:Drivers/CMSIS/Include/cmsis_gcc.h ****   \param [in]    ptr  Pointer to data
 430:Drivers/CMSIS/Include/cmsis_gcc.h ****   \return             value of type uint8_t at (*ptr)
 431:Drivers/CMSIS/Include/cmsis_gcc.h ****  */
 432:Drivers/CMSIS/Include/cmsis_gcc.h **** __STATIC_FORCEINLINE uint8_t __LDREXB(volatile uint8_t *addr)
 433:Drivers/CMSIS/Include/cmsis_gcc.h **** {
 434:Drivers/CMSIS/Include/cmsis_gcc.h ****     uint32_t result;
 435:Drivers/CMSIS/Include/cmsis_gcc.h **** 
 436:Drivers/CMSIS/Include/cmsis_gcc.h **** #if (__GNUC__ > 4) || (__GNUC__ == 4 && __GNUC_MINOR__ >= 8)
 437:Drivers/CMSIS/Include/cmsis_gcc.h ****    __ASM volatile ("ldrexb %0, %1" : "=r" (result) : "Q" (*addr) );
 438:Drivers/CMSIS/Include/cmsis_gcc.h **** #else
 439:Drivers/CMSIS/Include/cmsis_gcc.h ****     /* Prior to GCC 4.8, "Q" will be expanded to [rx, #0] which is not
 440:Drivers/CMSIS/Include/cmsis_gcc.h ****        accepted by assembler. So has to use following less efficient pattern.
 441:Drivers/CMSIS/Include/cmsis_gcc.h ****     */
 442:Drivers/CMSIS/Include/cmsis_gcc.h ****    __ASM volatile ("ldrexb %0, [%1]" : "=r" (result) : "r" (addr) : "memory" );
 443:Drivers/CMSIS/Include/cmsis_gcc.h **** #endif
 444:Drivers/CMSIS/Include/cmsis_gcc.h ****    return ((uint8_t) result);    /* Add explicit type cast here */
 445:Drivers/CMSIS/Include/cmsis_gcc.h **** }
 446:Drivers/CMSIS/Include/cmsis_gcc.h **** 
 447:Drivers/CMSIS/Include/cmsis_gcc.h **** 
 448:Drivers/CMSIS/Include/cmsis_gcc.h **** /**
 449:Drivers/CMSIS/Include/cmsis_gcc.h ****   \brief   LDR Exclusive (16 bit)
 450:Drivers/CMSIS/Include/cmsis_gcc.h ****   \details Executes a exclusive LDR instruction for 16 bit values.
 451:Drivers/CMSIS/Include/cmsis_gcc.h ****   \param [in]    ptr  Pointer to data
 452:Drivers/CMSIS/Include/cmsis_gcc.h ****   \return        value of type uint16_t at (*ptr)
 453:Drivers/CMSIS/Include/cmsis_gcc.h ****  */
 454:Drivers/CMSIS/Include/cmsis_gcc.h **** __STATIC_FORCEINLINE uint16_t __LDREXH(volatile uint16_t *addr)
 455:Drivers/CMSIS/Include/cmsis_gcc.h **** {
 456:Drivers/CMSIS/Include/cmsis_gcc.h ****     uint32_t result;
 457:Drivers/CMSIS/Include/cmsis_gcc.h **** 
ARM GAS  C:\Users\Toubidou\AppData\Local\Temp\cc36igfg.s 			page 19


 458:Drivers/CMSIS/Include/cmsis_gcc.h **** #if (__GNUC__ > 4) || (__GNUC__ == 4 && __GNUC_MINOR__ >= 8)
 459:Drivers/CMSIS/Include/cmsis_gcc.h ****    __ASM volatile ("ldrexh %0, %1" : "=r" (result) : "Q" (*addr) );
 460:Drivers/CMSIS/Include/cmsis_gcc.h **** #else
 461:Drivers/CMSIS/Include/cmsis_gcc.h ****     /* Prior to GCC 4.8, "Q" will be expanded to [rx, #0] which is not
 462:Drivers/CMSIS/Include/cmsis_gcc.h ****        accepted by assembler. So has to use following less efficient pattern.
 463:Drivers/CMSIS/Include/cmsis_gcc.h ****     */
 464:Drivers/CMSIS/Include/cmsis_gcc.h ****    __ASM volatile ("ldrexh %0, [%1]" : "=r" (result) : "r" (addr) : "memory" );
 465:Drivers/CMSIS/Include/cmsis_gcc.h **** #endif
 466:Drivers/CMSIS/Include/cmsis_gcc.h ****    return ((uint16_t) result);    /* Add explicit type cast here */
 467:Drivers/CMSIS/Include/cmsis_gcc.h **** }
 468:Drivers/CMSIS/Include/cmsis_gcc.h **** 
 469:Drivers/CMSIS/Include/cmsis_gcc.h **** 
 470:Drivers/CMSIS/Include/cmsis_gcc.h **** /**
 471:Drivers/CMSIS/Include/cmsis_gcc.h ****   \brief   LDR Exclusive (32 bit)
 472:Drivers/CMSIS/Include/cmsis_gcc.h ****   \details Executes a exclusive LDR instruction for 32 bit values.
 473:Drivers/CMSIS/Include/cmsis_gcc.h ****   \param [in]    ptr  Pointer to data
 474:Drivers/CMSIS/Include/cmsis_gcc.h ****   \return        value of type uint32_t at (*ptr)
 475:Drivers/CMSIS/Include/cmsis_gcc.h ****  */
 476:Drivers/CMSIS/Include/cmsis_gcc.h **** __STATIC_FORCEINLINE uint32_t __LDREXW(volatile uint32_t *addr)
 477:Drivers/CMSIS/Include/cmsis_gcc.h **** {
 478:Drivers/CMSIS/Include/cmsis_gcc.h ****     uint32_t result;
 479:Drivers/CMSIS/Include/cmsis_gcc.h **** 
 480:Drivers/CMSIS/Include/cmsis_gcc.h ****    __ASM volatile ("ldrex %0, %1" : "=r" (result) : "Q" (*addr) );
 481:Drivers/CMSIS/Include/cmsis_gcc.h ****    return(result);
 482:Drivers/CMSIS/Include/cmsis_gcc.h **** }
 483:Drivers/CMSIS/Include/cmsis_gcc.h **** 
 484:Drivers/CMSIS/Include/cmsis_gcc.h **** 
 485:Drivers/CMSIS/Include/cmsis_gcc.h **** /**
 486:Drivers/CMSIS/Include/cmsis_gcc.h ****   \brief   STR Exclusive (8 bit)
 487:Drivers/CMSIS/Include/cmsis_gcc.h ****   \details Executes a exclusive STR instruction for 8 bit values.
 488:Drivers/CMSIS/Include/cmsis_gcc.h ****   \param [in]  value  Value to store
 489:Drivers/CMSIS/Include/cmsis_gcc.h ****   \param [in]    ptr  Pointer to location
 490:Drivers/CMSIS/Include/cmsis_gcc.h ****   \return          0  Function succeeded
 491:Drivers/CMSIS/Include/cmsis_gcc.h ****   \return          1  Function failed
 492:Drivers/CMSIS/Include/cmsis_gcc.h ****  */
 493:Drivers/CMSIS/Include/cmsis_gcc.h **** __STATIC_FORCEINLINE uint32_t __STREXB(uint8_t value, volatile uint8_t *addr)
 494:Drivers/CMSIS/Include/cmsis_gcc.h **** {
 495:Drivers/CMSIS/Include/cmsis_gcc.h ****    uint32_t result;
 496:Drivers/CMSIS/Include/cmsis_gcc.h **** 
 497:Drivers/CMSIS/Include/cmsis_gcc.h ****    __ASM volatile ("strexb %0, %2, %1" : "=&r" (result), "=Q" (*addr) : "r" ((uint32_t)value) );
 498:Drivers/CMSIS/Include/cmsis_gcc.h ****    return(result);
 499:Drivers/CMSIS/Include/cmsis_gcc.h **** }
 500:Drivers/CMSIS/Include/cmsis_gcc.h **** 
 501:Drivers/CMSIS/Include/cmsis_gcc.h **** 
 502:Drivers/CMSIS/Include/cmsis_gcc.h **** /**
 503:Drivers/CMSIS/Include/cmsis_gcc.h ****   \brief   STR Exclusive (16 bit)
 504:Drivers/CMSIS/Include/cmsis_gcc.h ****   \details Executes a exclusive STR instruction for 16 bit values.
 505:Drivers/CMSIS/Include/cmsis_gcc.h ****   \param [in]  value  Value to store
 506:Drivers/CMSIS/Include/cmsis_gcc.h ****   \param [in]    ptr  Pointer to location
 507:Drivers/CMSIS/Include/cmsis_gcc.h ****   \return          0  Function succeeded
 508:Drivers/CMSIS/Include/cmsis_gcc.h ****   \return          1  Function failed
 509:Drivers/CMSIS/Include/cmsis_gcc.h ****  */
 510:Drivers/CMSIS/Include/cmsis_gcc.h **** __STATIC_FORCEINLINE uint32_t __STREXH(uint16_t value, volatile uint16_t *addr)
 511:Drivers/CMSIS/Include/cmsis_gcc.h **** {
 512:Drivers/CMSIS/Include/cmsis_gcc.h ****    uint32_t result;
 513:Drivers/CMSIS/Include/cmsis_gcc.h **** 
 514:Drivers/CMSIS/Include/cmsis_gcc.h ****    __ASM volatile ("strexh %0, %2, %1" : "=&r" (result), "=Q" (*addr) : "r" ((uint32_t)value) );
ARM GAS  C:\Users\Toubidou\AppData\Local\Temp\cc36igfg.s 			page 20


 515:Drivers/CMSIS/Include/cmsis_gcc.h ****    return(result);
 516:Drivers/CMSIS/Include/cmsis_gcc.h **** }
 517:Drivers/CMSIS/Include/cmsis_gcc.h **** 
 518:Drivers/CMSIS/Include/cmsis_gcc.h **** 
 519:Drivers/CMSIS/Include/cmsis_gcc.h **** /**
 520:Drivers/CMSIS/Include/cmsis_gcc.h ****   \brief   STR Exclusive (32 bit)
 521:Drivers/CMSIS/Include/cmsis_gcc.h ****   \details Executes a exclusive STR instruction for 32 bit values.
 522:Drivers/CMSIS/Include/cmsis_gcc.h ****   \param [in]  value  Value to store
 523:Drivers/CMSIS/Include/cmsis_gcc.h ****   \param [in]    ptr  Pointer to location
 524:Drivers/CMSIS/Include/cmsis_gcc.h ****   \return          0  Function succeeded
 525:Drivers/CMSIS/Include/cmsis_gcc.h ****   \return          1  Function failed
 526:Drivers/CMSIS/Include/cmsis_gcc.h ****  */
 527:Drivers/CMSIS/Include/cmsis_gcc.h **** __STATIC_FORCEINLINE uint32_t __STREXW(uint32_t value, volatile uint32_t *addr)
 528:Drivers/CMSIS/Include/cmsis_gcc.h **** {
 529:Drivers/CMSIS/Include/cmsis_gcc.h ****    uint32_t result;
 530:Drivers/CMSIS/Include/cmsis_gcc.h **** 
 531:Drivers/CMSIS/Include/cmsis_gcc.h ****    __ASM volatile ("strex %0, %2, %1" : "=&r" (result), "=Q" (*addr) : "r" (value) );
 532:Drivers/CMSIS/Include/cmsis_gcc.h ****    return(result);
 533:Drivers/CMSIS/Include/cmsis_gcc.h **** }
 534:Drivers/CMSIS/Include/cmsis_gcc.h **** 
 535:Drivers/CMSIS/Include/cmsis_gcc.h **** 
 536:Drivers/CMSIS/Include/cmsis_gcc.h **** /**
 537:Drivers/CMSIS/Include/cmsis_gcc.h ****   \brief   Remove the exclusive lock
 538:Drivers/CMSIS/Include/cmsis_gcc.h ****   \details Removes the exclusive lock which is created by LDREX.
 539:Drivers/CMSIS/Include/cmsis_gcc.h ****  */
 540:Drivers/CMSIS/Include/cmsis_gcc.h **** __STATIC_FORCEINLINE void __CLREX(void)
 541:Drivers/CMSIS/Include/cmsis_gcc.h **** {
 542:Drivers/CMSIS/Include/cmsis_gcc.h ****   __ASM volatile ("clrex" ::: "memory");
 543:Drivers/CMSIS/Include/cmsis_gcc.h **** }
 544:Drivers/CMSIS/Include/cmsis_gcc.h **** 
 545:Drivers/CMSIS/Include/cmsis_gcc.h **** #endif /* ((defined (__ARM_ARCH_7M__      ) && (__ARM_ARCH_7M__      == 1)) || \
 546:Drivers/CMSIS/Include/cmsis_gcc.h ****            (defined (__ARM_ARCH_7EM__     ) && (__ARM_ARCH_7EM__     == 1)) || \
 547:Drivers/CMSIS/Include/cmsis_gcc.h ****            (defined (__ARM_ARCH_8M_MAIN__ ) && (__ARM_ARCH_8M_MAIN__ == 1)) || \
 548:Drivers/CMSIS/Include/cmsis_gcc.h ****            (defined (__ARM_ARCH_8M_BASE__ ) && (__ARM_ARCH_8M_BASE__ == 1))    ) */
 549:Drivers/CMSIS/Include/cmsis_gcc.h **** 
 550:Drivers/CMSIS/Include/cmsis_gcc.h **** 
 551:Drivers/CMSIS/Include/cmsis_gcc.h **** #if ((defined (__ARM_ARCH_7M__      ) && (__ARM_ARCH_7M__      == 1)) || \
 552:Drivers/CMSIS/Include/cmsis_gcc.h ****      (defined (__ARM_ARCH_7EM__     ) && (__ARM_ARCH_7EM__     == 1)) || \
 553:Drivers/CMSIS/Include/cmsis_gcc.h ****      (defined (__ARM_ARCH_8M_MAIN__ ) && (__ARM_ARCH_8M_MAIN__ == 1))    )
 554:Drivers/CMSIS/Include/cmsis_gcc.h **** /**
 555:Drivers/CMSIS/Include/cmsis_gcc.h ****   \brief   Signed Saturate
 556:Drivers/CMSIS/Include/cmsis_gcc.h ****   \details Saturates a signed value.
 557:Drivers/CMSIS/Include/cmsis_gcc.h ****   \param [in]  ARG1  Value to be saturated
 558:Drivers/CMSIS/Include/cmsis_gcc.h ****   \param [in]  ARG2  Bit position to saturate to (1..32)
 559:Drivers/CMSIS/Include/cmsis_gcc.h ****   \return             Saturated value
 560:Drivers/CMSIS/Include/cmsis_gcc.h ****  */
 561:Drivers/CMSIS/Include/cmsis_gcc.h **** #define __SSAT(ARG1, ARG2) \
 562:Drivers/CMSIS/Include/cmsis_gcc.h **** __extension__ \
 563:Drivers/CMSIS/Include/cmsis_gcc.h **** ({                          \
 564:Drivers/CMSIS/Include/cmsis_gcc.h ****   int32_t __RES, __ARG1 = (ARG1); \
 565:Drivers/CMSIS/Include/cmsis_gcc.h ****   __ASM volatile ("ssat %0, %1, %2" : "=r" (__RES) :  "I" (ARG2), "r" (__ARG1) : "cc" ); \
 566:Drivers/CMSIS/Include/cmsis_gcc.h ****   __RES; \
 567:Drivers/CMSIS/Include/cmsis_gcc.h ****  })
 568:Drivers/CMSIS/Include/cmsis_gcc.h **** 
 569:Drivers/CMSIS/Include/cmsis_gcc.h **** 
 570:Drivers/CMSIS/Include/cmsis_gcc.h **** /**
 571:Drivers/CMSIS/Include/cmsis_gcc.h ****   \brief   Unsigned Saturate
ARM GAS  C:\Users\Toubidou\AppData\Local\Temp\cc36igfg.s 			page 21


 572:Drivers/CMSIS/Include/cmsis_gcc.h ****   \details Saturates an unsigned value.
 573:Drivers/CMSIS/Include/cmsis_gcc.h ****   \param [in]  ARG1  Value to be saturated
 574:Drivers/CMSIS/Include/cmsis_gcc.h ****   \param [in]  ARG2  Bit position to saturate to (0..31)
 575:Drivers/CMSIS/Include/cmsis_gcc.h ****   \return             Saturated value
 576:Drivers/CMSIS/Include/cmsis_gcc.h ****  */
 577:Drivers/CMSIS/Include/cmsis_gcc.h **** #define __USAT(ARG1, ARG2) \
 578:Drivers/CMSIS/Include/cmsis_gcc.h **** __extension__ \
 579:Drivers/CMSIS/Include/cmsis_gcc.h **** ({                          \
 580:Drivers/CMSIS/Include/cmsis_gcc.h ****   uint32_t __RES, __ARG1 = (ARG1); \
 581:Drivers/CMSIS/Include/cmsis_gcc.h ****   __ASM volatile ("usat %0, %1, %2" : "=r" (__RES) :  "I" (ARG2), "r" (__ARG1) : "cc" ); \
 582:Drivers/CMSIS/Include/cmsis_gcc.h ****   __RES; \
 583:Drivers/CMSIS/Include/cmsis_gcc.h ****  })
 584:Drivers/CMSIS/Include/cmsis_gcc.h **** 
 585:Drivers/CMSIS/Include/cmsis_gcc.h **** 
 586:Drivers/CMSIS/Include/cmsis_gcc.h **** /**
 587:Drivers/CMSIS/Include/cmsis_gcc.h ****   \brief   Rotate Right with Extend (32 bit)
 588:Drivers/CMSIS/Include/cmsis_gcc.h ****   \details Moves each bit of a bitstring right by one bit.
 589:Drivers/CMSIS/Include/cmsis_gcc.h ****            The carry input is shifted in at the left end of the bitstring.
 590:Drivers/CMSIS/Include/cmsis_gcc.h ****   \param [in]    value  Value to rotate
 591:Drivers/CMSIS/Include/cmsis_gcc.h ****   \return               Rotated value
 592:Drivers/CMSIS/Include/cmsis_gcc.h ****  */
 593:Drivers/CMSIS/Include/cmsis_gcc.h **** __STATIC_FORCEINLINE uint32_t __RRX(uint32_t value)
 594:Drivers/CMSIS/Include/cmsis_gcc.h **** {
 595:Drivers/CMSIS/Include/cmsis_gcc.h ****   uint32_t result;
 596:Drivers/CMSIS/Include/cmsis_gcc.h **** 
 597:Drivers/CMSIS/Include/cmsis_gcc.h ****   __ASM volatile ("rrx %0, %1" : __CMSIS_GCC_OUT_REG (result) : __CMSIS_GCC_USE_REG (value) );
 598:Drivers/CMSIS/Include/cmsis_gcc.h ****   return(result);
 599:Drivers/CMSIS/Include/cmsis_gcc.h **** }
 600:Drivers/CMSIS/Include/cmsis_gcc.h **** 
 601:Drivers/CMSIS/Include/cmsis_gcc.h **** 
 602:Drivers/CMSIS/Include/cmsis_gcc.h **** /**
 603:Drivers/CMSIS/Include/cmsis_gcc.h ****   \brief   LDRT Unprivileged (8 bit)
 604:Drivers/CMSIS/Include/cmsis_gcc.h ****   \details Executes a Unprivileged LDRT instruction for 8 bit value.
 605:Drivers/CMSIS/Include/cmsis_gcc.h ****   \param [in]    ptr  Pointer to data
 606:Drivers/CMSIS/Include/cmsis_gcc.h ****   \return             value of type uint8_t at (*ptr)
 607:Drivers/CMSIS/Include/cmsis_gcc.h ****  */
 608:Drivers/CMSIS/Include/cmsis_gcc.h **** __STATIC_FORCEINLINE uint8_t __LDRBT(volatile uint8_t *ptr)
 609:Drivers/CMSIS/Include/cmsis_gcc.h **** {
 610:Drivers/CMSIS/Include/cmsis_gcc.h ****     uint32_t result;
 611:Drivers/CMSIS/Include/cmsis_gcc.h **** 
 612:Drivers/CMSIS/Include/cmsis_gcc.h **** #if (__GNUC__ > 4) || (__GNUC__ == 4 && __GNUC_MINOR__ >= 8)
 613:Drivers/CMSIS/Include/cmsis_gcc.h ****    __ASM volatile ("ldrbt %0, %1" : "=r" (result) : "Q" (*ptr) );
 614:Drivers/CMSIS/Include/cmsis_gcc.h **** #else
 615:Drivers/CMSIS/Include/cmsis_gcc.h ****     /* Prior to GCC 4.8, "Q" will be expanded to [rx, #0] which is not
 616:Drivers/CMSIS/Include/cmsis_gcc.h ****        accepted by assembler. So has to use following less efficient pattern.
 617:Drivers/CMSIS/Include/cmsis_gcc.h ****     */
 618:Drivers/CMSIS/Include/cmsis_gcc.h ****    __ASM volatile ("ldrbt %0, [%1]" : "=r" (result) : "r" (ptr) : "memory" );
 619:Drivers/CMSIS/Include/cmsis_gcc.h **** #endif
 620:Drivers/CMSIS/Include/cmsis_gcc.h ****    return ((uint8_t) result);    /* Add explicit type cast here */
 621:Drivers/CMSIS/Include/cmsis_gcc.h **** }
 622:Drivers/CMSIS/Include/cmsis_gcc.h **** 
 623:Drivers/CMSIS/Include/cmsis_gcc.h **** 
 624:Drivers/CMSIS/Include/cmsis_gcc.h **** /**
 625:Drivers/CMSIS/Include/cmsis_gcc.h ****   \brief   LDRT Unprivileged (16 bit)
 626:Drivers/CMSIS/Include/cmsis_gcc.h ****   \details Executes a Unprivileged LDRT instruction for 16 bit values.
 627:Drivers/CMSIS/Include/cmsis_gcc.h ****   \param [in]    ptr  Pointer to data
 628:Drivers/CMSIS/Include/cmsis_gcc.h ****   \return        value of type uint16_t at (*ptr)
ARM GAS  C:\Users\Toubidou\AppData\Local\Temp\cc36igfg.s 			page 22


 629:Drivers/CMSIS/Include/cmsis_gcc.h ****  */
 630:Drivers/CMSIS/Include/cmsis_gcc.h **** __STATIC_FORCEINLINE uint16_t __LDRHT(volatile uint16_t *ptr)
 631:Drivers/CMSIS/Include/cmsis_gcc.h **** {
 632:Drivers/CMSIS/Include/cmsis_gcc.h ****     uint32_t result;
 633:Drivers/CMSIS/Include/cmsis_gcc.h **** 
 634:Drivers/CMSIS/Include/cmsis_gcc.h **** #if (__GNUC__ > 4) || (__GNUC__ == 4 && __GNUC_MINOR__ >= 8)
 635:Drivers/CMSIS/Include/cmsis_gcc.h ****    __ASM volatile ("ldrht %0, %1" : "=r" (result) : "Q" (*ptr) );
 636:Drivers/CMSIS/Include/cmsis_gcc.h **** #else
 637:Drivers/CMSIS/Include/cmsis_gcc.h ****     /* Prior to GCC 4.8, "Q" will be expanded to [rx, #0] which is not
 638:Drivers/CMSIS/Include/cmsis_gcc.h ****        accepted by assembler. So has to use following less efficient pattern.
 639:Drivers/CMSIS/Include/cmsis_gcc.h ****     */
 640:Drivers/CMSIS/Include/cmsis_gcc.h ****    __ASM volatile ("ldrht %0, [%1]" : "=r" (result) : "r" (ptr) : "memory" );
 641:Drivers/CMSIS/Include/cmsis_gcc.h **** #endif
 642:Drivers/CMSIS/Include/cmsis_gcc.h ****    return ((uint16_t) result);    /* Add explicit type cast here */
 643:Drivers/CMSIS/Include/cmsis_gcc.h **** }
 644:Drivers/CMSIS/Include/cmsis_gcc.h **** 
 645:Drivers/CMSIS/Include/cmsis_gcc.h **** 
 646:Drivers/CMSIS/Include/cmsis_gcc.h **** /**
 647:Drivers/CMSIS/Include/cmsis_gcc.h ****   \brief   LDRT Unprivileged (32 bit)
 648:Drivers/CMSIS/Include/cmsis_gcc.h ****   \details Executes a Unprivileged LDRT instruction for 32 bit values.
 649:Drivers/CMSIS/Include/cmsis_gcc.h ****   \param [in]    ptr  Pointer to data
 650:Drivers/CMSIS/Include/cmsis_gcc.h ****   \return        value of type uint32_t at (*ptr)
 651:Drivers/CMSIS/Include/cmsis_gcc.h ****  */
 652:Drivers/CMSIS/Include/cmsis_gcc.h **** __STATIC_FORCEINLINE uint32_t __LDRT(volatile uint32_t *ptr)
 653:Drivers/CMSIS/Include/cmsis_gcc.h **** {
 654:Drivers/CMSIS/Include/cmsis_gcc.h ****     uint32_t result;
 655:Drivers/CMSIS/Include/cmsis_gcc.h **** 
 656:Drivers/CMSIS/Include/cmsis_gcc.h ****    __ASM volatile ("ldrt %0, %1" : "=r" (result) : "Q" (*ptr) );
 657:Drivers/CMSIS/Include/cmsis_gcc.h ****    return(result);
 658:Drivers/CMSIS/Include/cmsis_gcc.h **** }
 659:Drivers/CMSIS/Include/cmsis_gcc.h **** 
 660:Drivers/CMSIS/Include/cmsis_gcc.h **** 
 661:Drivers/CMSIS/Include/cmsis_gcc.h **** /**
 662:Drivers/CMSIS/Include/cmsis_gcc.h ****   \brief   STRT Unprivileged (8 bit)
 663:Drivers/CMSIS/Include/cmsis_gcc.h ****   \details Executes a Unprivileged STRT instruction for 8 bit values.
 664:Drivers/CMSIS/Include/cmsis_gcc.h ****   \param [in]  value  Value to store
 665:Drivers/CMSIS/Include/cmsis_gcc.h ****   \param [in]    ptr  Pointer to location
 666:Drivers/CMSIS/Include/cmsis_gcc.h ****  */
 667:Drivers/CMSIS/Include/cmsis_gcc.h **** __STATIC_FORCEINLINE void __STRBT(uint8_t value, volatile uint8_t *ptr)
 668:Drivers/CMSIS/Include/cmsis_gcc.h **** {
 669:Drivers/CMSIS/Include/cmsis_gcc.h ****    __ASM volatile ("strbt %1, %0" : "=Q" (*ptr) : "r" ((uint32_t)value) );
 670:Drivers/CMSIS/Include/cmsis_gcc.h **** }
 671:Drivers/CMSIS/Include/cmsis_gcc.h **** 
 672:Drivers/CMSIS/Include/cmsis_gcc.h **** 
 673:Drivers/CMSIS/Include/cmsis_gcc.h **** /**
 674:Drivers/CMSIS/Include/cmsis_gcc.h ****   \brief   STRT Unprivileged (16 bit)
 675:Drivers/CMSIS/Include/cmsis_gcc.h ****   \details Executes a Unprivileged STRT instruction for 16 bit values.
 676:Drivers/CMSIS/Include/cmsis_gcc.h ****   \param [in]  value  Value to store
 677:Drivers/CMSIS/Include/cmsis_gcc.h ****   \param [in]    ptr  Pointer to location
 678:Drivers/CMSIS/Include/cmsis_gcc.h ****  */
 679:Drivers/CMSIS/Include/cmsis_gcc.h **** __STATIC_FORCEINLINE void __STRHT(uint16_t value, volatile uint16_t *ptr)
 680:Drivers/CMSIS/Include/cmsis_gcc.h **** {
 681:Drivers/CMSIS/Include/cmsis_gcc.h ****    __ASM volatile ("strht %1, %0" : "=Q" (*ptr) : "r" ((uint32_t)value) );
 682:Drivers/CMSIS/Include/cmsis_gcc.h **** }
 683:Drivers/CMSIS/Include/cmsis_gcc.h **** 
 684:Drivers/CMSIS/Include/cmsis_gcc.h **** 
 685:Drivers/CMSIS/Include/cmsis_gcc.h **** /**
ARM GAS  C:\Users\Toubidou\AppData\Local\Temp\cc36igfg.s 			page 23


 686:Drivers/CMSIS/Include/cmsis_gcc.h ****   \brief   STRT Unprivileged (32 bit)
 687:Drivers/CMSIS/Include/cmsis_gcc.h ****   \details Executes a Unprivileged STRT instruction for 32 bit values.
 688:Drivers/CMSIS/Include/cmsis_gcc.h ****   \param [in]  value  Value to store
 689:Drivers/CMSIS/Include/cmsis_gcc.h ****   \param [in]    ptr  Pointer to location
 690:Drivers/CMSIS/Include/cmsis_gcc.h ****  */
 691:Drivers/CMSIS/Include/cmsis_gcc.h **** __STATIC_FORCEINLINE void __STRT(uint32_t value, volatile uint32_t *ptr)
 692:Drivers/CMSIS/Include/cmsis_gcc.h **** {
 693:Drivers/CMSIS/Include/cmsis_gcc.h ****    __ASM volatile ("strt %1, %0" : "=Q" (*ptr) : "r" (value) );
 694:Drivers/CMSIS/Include/cmsis_gcc.h **** }
 695:Drivers/CMSIS/Include/cmsis_gcc.h **** 
 696:Drivers/CMSIS/Include/cmsis_gcc.h **** #else  /* ((defined (__ARM_ARCH_7M__      ) && (__ARM_ARCH_7M__      == 1)) || \
 697:Drivers/CMSIS/Include/cmsis_gcc.h ****            (defined (__ARM_ARCH_7EM__     ) && (__ARM_ARCH_7EM__     == 1)) || \
 698:Drivers/CMSIS/Include/cmsis_gcc.h ****            (defined (__ARM_ARCH_8M_MAIN__ ) && (__ARM_ARCH_8M_MAIN__ == 1))    ) */
 699:Drivers/CMSIS/Include/cmsis_gcc.h **** 
 700:Drivers/CMSIS/Include/cmsis_gcc.h **** /**
 701:Drivers/CMSIS/Include/cmsis_gcc.h ****   \brief   Signed Saturate
 702:Drivers/CMSIS/Include/cmsis_gcc.h ****   \details Saturates a signed value.
 703:Drivers/CMSIS/Include/cmsis_gcc.h ****   \param [in]  value  Value to be saturated
 704:Drivers/CMSIS/Include/cmsis_gcc.h ****   \param [in]    sat  Bit position to saturate to (1..32)
 705:Drivers/CMSIS/Include/cmsis_gcc.h ****   \return             Saturated value
 706:Drivers/CMSIS/Include/cmsis_gcc.h ****  */
 707:Drivers/CMSIS/Include/cmsis_gcc.h **** __STATIC_FORCEINLINE int32_t __SSAT(int32_t val, uint32_t sat)
 708:Drivers/CMSIS/Include/cmsis_gcc.h **** {
 709:Drivers/CMSIS/Include/cmsis_gcc.h ****   if ((sat >= 1U) && (sat <= 32U))
 710:Drivers/CMSIS/Include/cmsis_gcc.h ****   {
 711:Drivers/CMSIS/Include/cmsis_gcc.h ****     const int32_t max = (int32_t)((1U << (sat - 1U)) - 1U);
 712:Drivers/CMSIS/Include/cmsis_gcc.h ****     const int32_t min = -1 - max ;
 713:Drivers/CMSIS/Include/cmsis_gcc.h ****     if (val > max)
 714:Drivers/CMSIS/Include/cmsis_gcc.h ****     {
 715:Drivers/CMSIS/Include/cmsis_gcc.h ****       return max;
 716:Drivers/CMSIS/Include/cmsis_gcc.h ****     }
 717:Drivers/CMSIS/Include/cmsis_gcc.h ****     else if (val < min)
 718:Drivers/CMSIS/Include/cmsis_gcc.h ****     {
 719:Drivers/CMSIS/Include/cmsis_gcc.h ****       return min;
 720:Drivers/CMSIS/Include/cmsis_gcc.h ****     }
 721:Drivers/CMSIS/Include/cmsis_gcc.h ****   }
 722:Drivers/CMSIS/Include/cmsis_gcc.h ****   return val;
 723:Drivers/CMSIS/Include/cmsis_gcc.h **** }
 724:Drivers/CMSIS/Include/cmsis_gcc.h **** 
 725:Drivers/CMSIS/Include/cmsis_gcc.h **** /**
 726:Drivers/CMSIS/Include/cmsis_gcc.h ****   \brief   Unsigned Saturate
 727:Drivers/CMSIS/Include/cmsis_gcc.h ****   \details Saturates an unsigned value.
 728:Drivers/CMSIS/Include/cmsis_gcc.h ****   \param [in]  value  Value to be saturated
 729:Drivers/CMSIS/Include/cmsis_gcc.h ****   \param [in]    sat  Bit position to saturate to (0..31)
 730:Drivers/CMSIS/Include/cmsis_gcc.h ****   \return             Saturated value
 731:Drivers/CMSIS/Include/cmsis_gcc.h ****  */
 732:Drivers/CMSIS/Include/cmsis_gcc.h **** __STATIC_FORCEINLINE uint32_t __USAT(int32_t val, uint32_t sat)
 733:Drivers/CMSIS/Include/cmsis_gcc.h **** {
 734:Drivers/CMSIS/Include/cmsis_gcc.h ****   if (sat <= 31U)
 735:Drivers/CMSIS/Include/cmsis_gcc.h ****   {
 736:Drivers/CMSIS/Include/cmsis_gcc.h ****     const uint32_t max = ((1U << sat) - 1U);
 737:Drivers/CMSIS/Include/cmsis_gcc.h ****     if (val > (int32_t)max)
 738:Drivers/CMSIS/Include/cmsis_gcc.h ****     {
 739:Drivers/CMSIS/Include/cmsis_gcc.h ****       return max;
 740:Drivers/CMSIS/Include/cmsis_gcc.h ****     }
 741:Drivers/CMSIS/Include/cmsis_gcc.h ****     else if (val < 0)
 742:Drivers/CMSIS/Include/cmsis_gcc.h ****     {
ARM GAS  C:\Users\Toubidou\AppData\Local\Temp\cc36igfg.s 			page 24


 743:Drivers/CMSIS/Include/cmsis_gcc.h ****       return 0U;
 744:Drivers/CMSIS/Include/cmsis_gcc.h ****     }
 745:Drivers/CMSIS/Include/cmsis_gcc.h ****   }
 746:Drivers/CMSIS/Include/cmsis_gcc.h ****   return (uint32_t)val;
 747:Drivers/CMSIS/Include/cmsis_gcc.h **** }
 748:Drivers/CMSIS/Include/cmsis_gcc.h **** 
 749:Drivers/CMSIS/Include/cmsis_gcc.h **** #endif /* ((defined (__ARM_ARCH_7M__      ) && (__ARM_ARCH_7M__      == 1)) || \
 750:Drivers/CMSIS/Include/cmsis_gcc.h ****            (defined (__ARM_ARCH_7EM__     ) && (__ARM_ARCH_7EM__     == 1)) || \
 751:Drivers/CMSIS/Include/cmsis_gcc.h ****            (defined (__ARM_ARCH_8M_MAIN__ ) && (__ARM_ARCH_8M_MAIN__ == 1))    ) */
 752:Drivers/CMSIS/Include/cmsis_gcc.h **** 
 753:Drivers/CMSIS/Include/cmsis_gcc.h **** 
 754:Drivers/CMSIS/Include/cmsis_gcc.h **** #if ((defined (__ARM_ARCH_8M_MAIN__ ) && (__ARM_ARCH_8M_MAIN__ == 1)) || \
 755:Drivers/CMSIS/Include/cmsis_gcc.h ****      (defined (__ARM_ARCH_8M_BASE__ ) && (__ARM_ARCH_8M_BASE__ == 1))    )
 756:Drivers/CMSIS/Include/cmsis_gcc.h **** /**
 757:Drivers/CMSIS/Include/cmsis_gcc.h ****   \brief   Load-Acquire (8 bit)
 758:Drivers/CMSIS/Include/cmsis_gcc.h ****   \details Executes a LDAB instruction for 8 bit value.
 759:Drivers/CMSIS/Include/cmsis_gcc.h ****   \param [in]    ptr  Pointer to data
 760:Drivers/CMSIS/Include/cmsis_gcc.h ****   \return             value of type uint8_t at (*ptr)
 761:Drivers/CMSIS/Include/cmsis_gcc.h ****  */
 762:Drivers/CMSIS/Include/cmsis_gcc.h **** __STATIC_FORCEINLINE uint8_t __LDAB(volatile uint8_t *ptr)
 763:Drivers/CMSIS/Include/cmsis_gcc.h **** {
 764:Drivers/CMSIS/Include/cmsis_gcc.h ****     uint32_t result;
 765:Drivers/CMSIS/Include/cmsis_gcc.h **** 
 766:Drivers/CMSIS/Include/cmsis_gcc.h ****    __ASM volatile ("ldab %0, %1" : "=r" (result) : "Q" (*ptr) : "memory" );
 767:Drivers/CMSIS/Include/cmsis_gcc.h ****    return ((uint8_t) result);
 768:Drivers/CMSIS/Include/cmsis_gcc.h **** }
 769:Drivers/CMSIS/Include/cmsis_gcc.h **** 
 770:Drivers/CMSIS/Include/cmsis_gcc.h **** 
 771:Drivers/CMSIS/Include/cmsis_gcc.h **** /**
 772:Drivers/CMSIS/Include/cmsis_gcc.h ****   \brief   Load-Acquire (16 bit)
 773:Drivers/CMSIS/Include/cmsis_gcc.h ****   \details Executes a LDAH instruction for 16 bit values.
 774:Drivers/CMSIS/Include/cmsis_gcc.h ****   \param [in]    ptr  Pointer to data
 775:Drivers/CMSIS/Include/cmsis_gcc.h ****   \return        value of type uint16_t at (*ptr)
 776:Drivers/CMSIS/Include/cmsis_gcc.h ****  */
 777:Drivers/CMSIS/Include/cmsis_gcc.h **** __STATIC_FORCEINLINE uint16_t __LDAH(volatile uint16_t *ptr)
 778:Drivers/CMSIS/Include/cmsis_gcc.h **** {
 779:Drivers/CMSIS/Include/cmsis_gcc.h ****     uint32_t result;
 780:Drivers/CMSIS/Include/cmsis_gcc.h **** 
 781:Drivers/CMSIS/Include/cmsis_gcc.h ****    __ASM volatile ("ldah %0, %1" : "=r" (result) : "Q" (*ptr) : "memory" );
 782:Drivers/CMSIS/Include/cmsis_gcc.h ****    return ((uint16_t) result);
 783:Drivers/CMSIS/Include/cmsis_gcc.h **** }
 784:Drivers/CMSIS/Include/cmsis_gcc.h **** 
 785:Drivers/CMSIS/Include/cmsis_gcc.h **** 
 786:Drivers/CMSIS/Include/cmsis_gcc.h **** /**
 787:Drivers/CMSIS/Include/cmsis_gcc.h ****   \brief   Load-Acquire (32 bit)
 788:Drivers/CMSIS/Include/cmsis_gcc.h ****   \details Executes a LDA instruction for 32 bit values.
 789:Drivers/CMSIS/Include/cmsis_gcc.h ****   \param [in]    ptr  Pointer to data
 790:Drivers/CMSIS/Include/cmsis_gcc.h ****   \return        value of type uint32_t at (*ptr)
 791:Drivers/CMSIS/Include/cmsis_gcc.h ****  */
 792:Drivers/CMSIS/Include/cmsis_gcc.h **** __STATIC_FORCEINLINE uint32_t __LDA(volatile uint32_t *ptr)
 793:Drivers/CMSIS/Include/cmsis_gcc.h **** {
 794:Drivers/CMSIS/Include/cmsis_gcc.h ****     uint32_t result;
 795:Drivers/CMSIS/Include/cmsis_gcc.h **** 
 796:Drivers/CMSIS/Include/cmsis_gcc.h ****    __ASM volatile ("lda %0, %1" : "=r" (result) : "Q" (*ptr) : "memory" );
 797:Drivers/CMSIS/Include/cmsis_gcc.h ****    return(result);
 798:Drivers/CMSIS/Include/cmsis_gcc.h **** }
 799:Drivers/CMSIS/Include/cmsis_gcc.h **** 
ARM GAS  C:\Users\Toubidou\AppData\Local\Temp\cc36igfg.s 			page 25


 800:Drivers/CMSIS/Include/cmsis_gcc.h **** 
 801:Drivers/CMSIS/Include/cmsis_gcc.h **** /**
 802:Drivers/CMSIS/Include/cmsis_gcc.h ****   \brief   Store-Release (8 bit)
 803:Drivers/CMSIS/Include/cmsis_gcc.h ****   \details Executes a STLB instruction for 8 bit values.
 804:Drivers/CMSIS/Include/cmsis_gcc.h ****   \param [in]  value  Value to store
 805:Drivers/CMSIS/Include/cmsis_gcc.h ****   \param [in]    ptr  Pointer to location
 806:Drivers/CMSIS/Include/cmsis_gcc.h ****  */
 807:Drivers/CMSIS/Include/cmsis_gcc.h **** __STATIC_FORCEINLINE void __STLB(uint8_t value, volatile uint8_t *ptr)
 808:Drivers/CMSIS/Include/cmsis_gcc.h **** {
 809:Drivers/CMSIS/Include/cmsis_gcc.h ****    __ASM volatile ("stlb %1, %0" : "=Q" (*ptr) : "r" ((uint32_t)value) : "memory" );
 810:Drivers/CMSIS/Include/cmsis_gcc.h **** }
 811:Drivers/CMSIS/Include/cmsis_gcc.h **** 
 812:Drivers/CMSIS/Include/cmsis_gcc.h **** 
 813:Drivers/CMSIS/Include/cmsis_gcc.h **** /**
 814:Drivers/CMSIS/Include/cmsis_gcc.h ****   \brief   Store-Release (16 bit)
 815:Drivers/CMSIS/Include/cmsis_gcc.h ****   \details Executes a STLH instruction for 16 bit values.
 816:Drivers/CMSIS/Include/cmsis_gcc.h ****   \param [in]  value  Value to store
 817:Drivers/CMSIS/Include/cmsis_gcc.h ****   \param [in]    ptr  Pointer to location
 818:Drivers/CMSIS/Include/cmsis_gcc.h ****  */
 819:Drivers/CMSIS/Include/cmsis_gcc.h **** __STATIC_FORCEINLINE void __STLH(uint16_t value, volatile uint16_t *ptr)
 820:Drivers/CMSIS/Include/cmsis_gcc.h **** {
 821:Drivers/CMSIS/Include/cmsis_gcc.h ****    __ASM volatile ("stlh %1, %0" : "=Q" (*ptr) : "r" ((uint32_t)value) : "memory" );
 822:Drivers/CMSIS/Include/cmsis_gcc.h **** }
 823:Drivers/CMSIS/Include/cmsis_gcc.h **** 
 824:Drivers/CMSIS/Include/cmsis_gcc.h **** 
 825:Drivers/CMSIS/Include/cmsis_gcc.h **** /**
 826:Drivers/CMSIS/Include/cmsis_gcc.h ****   \brief   Store-Release (32 bit)
 827:Drivers/CMSIS/Include/cmsis_gcc.h ****   \details Executes a STL instruction for 32 bit values.
 828:Drivers/CMSIS/Include/cmsis_gcc.h ****   \param [in]  value  Value to store
 829:Drivers/CMSIS/Include/cmsis_gcc.h ****   \param [in]    ptr  Pointer to location
 830:Drivers/CMSIS/Include/cmsis_gcc.h ****  */
 831:Drivers/CMSIS/Include/cmsis_gcc.h **** __STATIC_FORCEINLINE void __STL(uint32_t value, volatile uint32_t *ptr)
 832:Drivers/CMSIS/Include/cmsis_gcc.h **** {
 833:Drivers/CMSIS/Include/cmsis_gcc.h ****    __ASM volatile ("stl %1, %0" : "=Q" (*ptr) : "r" ((uint32_t)value) : "memory" );
 834:Drivers/CMSIS/Include/cmsis_gcc.h **** }
 835:Drivers/CMSIS/Include/cmsis_gcc.h **** 
 836:Drivers/CMSIS/Include/cmsis_gcc.h **** 
 837:Drivers/CMSIS/Include/cmsis_gcc.h **** /**
 838:Drivers/CMSIS/Include/cmsis_gcc.h ****   \brief   Load-Acquire Exclusive (8 bit)
 839:Drivers/CMSIS/Include/cmsis_gcc.h ****   \details Executes a LDAB exclusive instruction for 8 bit value.
 840:Drivers/CMSIS/Include/cmsis_gcc.h ****   \param [in]    ptr  Pointer to data
 841:Drivers/CMSIS/Include/cmsis_gcc.h ****   \return             value of type uint8_t at (*ptr)
 842:Drivers/CMSIS/Include/cmsis_gcc.h ****  */
 843:Drivers/CMSIS/Include/cmsis_gcc.h **** __STATIC_FORCEINLINE uint8_t __LDAEXB(volatile uint8_t *ptr)
 844:Drivers/CMSIS/Include/cmsis_gcc.h **** {
 845:Drivers/CMSIS/Include/cmsis_gcc.h ****     uint32_t result;
 846:Drivers/CMSIS/Include/cmsis_gcc.h **** 
 847:Drivers/CMSIS/Include/cmsis_gcc.h ****    __ASM volatile ("ldaexb %0, %1" : "=r" (result) : "Q" (*ptr) : "memory" );
 848:Drivers/CMSIS/Include/cmsis_gcc.h ****    return ((uint8_t) result);
 849:Drivers/CMSIS/Include/cmsis_gcc.h **** }
 850:Drivers/CMSIS/Include/cmsis_gcc.h **** 
 851:Drivers/CMSIS/Include/cmsis_gcc.h **** 
 852:Drivers/CMSIS/Include/cmsis_gcc.h **** /**
 853:Drivers/CMSIS/Include/cmsis_gcc.h ****   \brief   Load-Acquire Exclusive (16 bit)
 854:Drivers/CMSIS/Include/cmsis_gcc.h ****   \details Executes a LDAH exclusive instruction for 16 bit values.
 855:Drivers/CMSIS/Include/cmsis_gcc.h ****   \param [in]    ptr  Pointer to data
 856:Drivers/CMSIS/Include/cmsis_gcc.h ****   \return        value of type uint16_t at (*ptr)
ARM GAS  C:\Users\Toubidou\AppData\Local\Temp\cc36igfg.s 			page 26


 857:Drivers/CMSIS/Include/cmsis_gcc.h ****  */
 858:Drivers/CMSIS/Include/cmsis_gcc.h **** __STATIC_FORCEINLINE uint16_t __LDAEXH(volatile uint16_t *ptr)
 859:Drivers/CMSIS/Include/cmsis_gcc.h **** {
 860:Drivers/CMSIS/Include/cmsis_gcc.h ****     uint32_t result;
 861:Drivers/CMSIS/Include/cmsis_gcc.h **** 
 862:Drivers/CMSIS/Include/cmsis_gcc.h ****    __ASM volatile ("ldaexh %0, %1" : "=r" (result) : "Q" (*ptr) : "memory" );
 863:Drivers/CMSIS/Include/cmsis_gcc.h ****    return ((uint16_t) result);
 864:Drivers/CMSIS/Include/cmsis_gcc.h **** }
 865:Drivers/CMSIS/Include/cmsis_gcc.h **** 
 866:Drivers/CMSIS/Include/cmsis_gcc.h **** 
 867:Drivers/CMSIS/Include/cmsis_gcc.h **** /**
 868:Drivers/CMSIS/Include/cmsis_gcc.h ****   \brief   Load-Acquire Exclusive (32 bit)
 869:Drivers/CMSIS/Include/cmsis_gcc.h ****   \details Executes a LDA exclusive instruction for 32 bit values.
 870:Drivers/CMSIS/Include/cmsis_gcc.h ****   \param [in]    ptr  Pointer to data
 871:Drivers/CMSIS/Include/cmsis_gcc.h ****   \return        value of type uint32_t at (*ptr)
 872:Drivers/CMSIS/Include/cmsis_gcc.h ****  */
 873:Drivers/CMSIS/Include/cmsis_gcc.h **** __STATIC_FORCEINLINE uint32_t __LDAEX(volatile uint32_t *ptr)
 874:Drivers/CMSIS/Include/cmsis_gcc.h **** {
 875:Drivers/CMSIS/Include/cmsis_gcc.h ****     uint32_t result;
 876:Drivers/CMSIS/Include/cmsis_gcc.h **** 
 877:Drivers/CMSIS/Include/cmsis_gcc.h ****    __ASM volatile ("ldaex %0, %1" : "=r" (result) : "Q" (*ptr) : "memory" );
 878:Drivers/CMSIS/Include/cmsis_gcc.h ****    return(result);
 879:Drivers/CMSIS/Include/cmsis_gcc.h **** }
 880:Drivers/CMSIS/Include/cmsis_gcc.h **** 
 881:Drivers/CMSIS/Include/cmsis_gcc.h **** 
 882:Drivers/CMSIS/Include/cmsis_gcc.h **** /**
 883:Drivers/CMSIS/Include/cmsis_gcc.h ****   \brief   Store-Release Exclusive (8 bit)
 884:Drivers/CMSIS/Include/cmsis_gcc.h ****   \details Executes a STLB exclusive instruction for 8 bit values.
 885:Drivers/CMSIS/Include/cmsis_gcc.h ****   \param [in]  value  Value to store
 886:Drivers/CMSIS/Include/cmsis_gcc.h ****   \param [in]    ptr  Pointer to location
 887:Drivers/CMSIS/Include/cmsis_gcc.h ****   \return          0  Function succeeded
 888:Drivers/CMSIS/Include/cmsis_gcc.h ****   \return          1  Function failed
 889:Drivers/CMSIS/Include/cmsis_gcc.h ****  */
 890:Drivers/CMSIS/Include/cmsis_gcc.h **** __STATIC_FORCEINLINE uint32_t __STLEXB(uint8_t value, volatile uint8_t *ptr)
 891:Drivers/CMSIS/Include/cmsis_gcc.h **** {
 892:Drivers/CMSIS/Include/cmsis_gcc.h ****    uint32_t result;
 893:Drivers/CMSIS/Include/cmsis_gcc.h **** 
 894:Drivers/CMSIS/Include/cmsis_gcc.h ****    __ASM volatile ("stlexb %0, %2, %1" : "=&r" (result), "=Q" (*ptr) : "r" ((uint32_t)value) : "mem
 895:Drivers/CMSIS/Include/cmsis_gcc.h ****    return(result);
 896:Drivers/CMSIS/Include/cmsis_gcc.h **** }
 897:Drivers/CMSIS/Include/cmsis_gcc.h **** 
 898:Drivers/CMSIS/Include/cmsis_gcc.h **** 
 899:Drivers/CMSIS/Include/cmsis_gcc.h **** /**
 900:Drivers/CMSIS/Include/cmsis_gcc.h ****   \brief   Store-Release Exclusive (16 bit)
 901:Drivers/CMSIS/Include/cmsis_gcc.h ****   \details Executes a STLH exclusive instruction for 16 bit values.
 902:Drivers/CMSIS/Include/cmsis_gcc.h ****   \param [in]  value  Value to store
 903:Drivers/CMSIS/Include/cmsis_gcc.h ****   \param [in]    ptr  Pointer to location
 904:Drivers/CMSIS/Include/cmsis_gcc.h ****   \return          0  Function succeeded
 905:Drivers/CMSIS/Include/cmsis_gcc.h ****   \return          1  Function failed
 906:Drivers/CMSIS/Include/cmsis_gcc.h ****  */
 907:Drivers/CMSIS/Include/cmsis_gcc.h **** __STATIC_FORCEINLINE uint32_t __STLEXH(uint16_t value, volatile uint16_t *ptr)
 908:Drivers/CMSIS/Include/cmsis_gcc.h **** {
 909:Drivers/CMSIS/Include/cmsis_gcc.h ****    uint32_t result;
 910:Drivers/CMSIS/Include/cmsis_gcc.h **** 
 911:Drivers/CMSIS/Include/cmsis_gcc.h ****    __ASM volatile ("stlexh %0, %2, %1" : "=&r" (result), "=Q" (*ptr) : "r" ((uint32_t)value) : "mem
 912:Drivers/CMSIS/Include/cmsis_gcc.h ****    return(result);
 913:Drivers/CMSIS/Include/cmsis_gcc.h **** }
ARM GAS  C:\Users\Toubidou\AppData\Local\Temp\cc36igfg.s 			page 27


 914:Drivers/CMSIS/Include/cmsis_gcc.h **** 
 915:Drivers/CMSIS/Include/cmsis_gcc.h **** 
 916:Drivers/CMSIS/Include/cmsis_gcc.h **** /**
 917:Drivers/CMSIS/Include/cmsis_gcc.h ****   \brief   Store-Release Exclusive (32 bit)
 918:Drivers/CMSIS/Include/cmsis_gcc.h ****   \details Executes a STL exclusive instruction for 32 bit values.
 919:Drivers/CMSIS/Include/cmsis_gcc.h ****   \param [in]  value  Value to store
 920:Drivers/CMSIS/Include/cmsis_gcc.h ****   \param [in]    ptr  Pointer to location
 921:Drivers/CMSIS/Include/cmsis_gcc.h ****   \return          0  Function succeeded
 922:Drivers/CMSIS/Include/cmsis_gcc.h ****   \return          1  Function failed
 923:Drivers/CMSIS/Include/cmsis_gcc.h ****  */
 924:Drivers/CMSIS/Include/cmsis_gcc.h **** __STATIC_FORCEINLINE uint32_t __STLEX(uint32_t value, volatile uint32_t *ptr)
 925:Drivers/CMSIS/Include/cmsis_gcc.h **** {
 926:Drivers/CMSIS/Include/cmsis_gcc.h ****    uint32_t result;
 927:Drivers/CMSIS/Include/cmsis_gcc.h **** 
 928:Drivers/CMSIS/Include/cmsis_gcc.h ****    __ASM volatile ("stlex %0, %2, %1" : "=&r" (result), "=Q" (*ptr) : "r" ((uint32_t)value) : "memo
 929:Drivers/CMSIS/Include/cmsis_gcc.h ****    return(result);
 930:Drivers/CMSIS/Include/cmsis_gcc.h **** }
 931:Drivers/CMSIS/Include/cmsis_gcc.h **** 
 932:Drivers/CMSIS/Include/cmsis_gcc.h **** #endif /* ((defined (__ARM_ARCH_8M_MAIN__ ) && (__ARM_ARCH_8M_MAIN__ == 1)) || \
 933:Drivers/CMSIS/Include/cmsis_gcc.h ****            (defined (__ARM_ARCH_8M_BASE__ ) && (__ARM_ARCH_8M_BASE__ == 1))    ) */
 934:Drivers/CMSIS/Include/cmsis_gcc.h **** 
 935:Drivers/CMSIS/Include/cmsis_gcc.h **** /*@}*/ /* end of group CMSIS_Core_InstructionInterface */
 936:Drivers/CMSIS/Include/cmsis_gcc.h **** 
 937:Drivers/CMSIS/Include/cmsis_gcc.h **** 
 938:Drivers/CMSIS/Include/cmsis_gcc.h **** /* ###########################  Core Function Access  ########################### */
 939:Drivers/CMSIS/Include/cmsis_gcc.h **** /** \ingroup  CMSIS_Core_FunctionInterface
 940:Drivers/CMSIS/Include/cmsis_gcc.h ****     \defgroup CMSIS_Core_RegAccFunctions CMSIS Core Register Access Functions
 941:Drivers/CMSIS/Include/cmsis_gcc.h ****   @{
 942:Drivers/CMSIS/Include/cmsis_gcc.h ****  */
 943:Drivers/CMSIS/Include/cmsis_gcc.h **** 
 944:Drivers/CMSIS/Include/cmsis_gcc.h **** /**
 945:Drivers/CMSIS/Include/cmsis_gcc.h ****   \brief   Enable IRQ Interrupts
 946:Drivers/CMSIS/Include/cmsis_gcc.h ****   \details Enables IRQ interrupts by clearing special-purpose register PRIMASK.
 947:Drivers/CMSIS/Include/cmsis_gcc.h ****            Can only be executed in Privileged modes.
 948:Drivers/CMSIS/Include/cmsis_gcc.h ****  */
 949:Drivers/CMSIS/Include/cmsis_gcc.h **** __STATIC_FORCEINLINE void __enable_irq(void)
 950:Drivers/CMSIS/Include/cmsis_gcc.h **** {
 951:Drivers/CMSIS/Include/cmsis_gcc.h ****   __ASM volatile ("cpsie i" : : : "memory");
 952:Drivers/CMSIS/Include/cmsis_gcc.h **** }
 953:Drivers/CMSIS/Include/cmsis_gcc.h **** 
 954:Drivers/CMSIS/Include/cmsis_gcc.h **** 
 955:Drivers/CMSIS/Include/cmsis_gcc.h **** /**
 956:Drivers/CMSIS/Include/cmsis_gcc.h ****   \brief   Disable IRQ Interrupts
 957:Drivers/CMSIS/Include/cmsis_gcc.h ****   \details Disables IRQ interrupts by setting special-purpose register PRIMASK.
 958:Drivers/CMSIS/Include/cmsis_gcc.h ****            Can only be executed in Privileged modes.
 959:Drivers/CMSIS/Include/cmsis_gcc.h ****  */
 960:Drivers/CMSIS/Include/cmsis_gcc.h **** __STATIC_FORCEINLINE void __disable_irq(void)
 961:Drivers/CMSIS/Include/cmsis_gcc.h **** {
 962:Drivers/CMSIS/Include/cmsis_gcc.h ****   __ASM volatile ("cpsid i" : : : "memory");
 963:Drivers/CMSIS/Include/cmsis_gcc.h **** }
 964:Drivers/CMSIS/Include/cmsis_gcc.h **** 
 965:Drivers/CMSIS/Include/cmsis_gcc.h **** 
 966:Drivers/CMSIS/Include/cmsis_gcc.h **** /**
 967:Drivers/CMSIS/Include/cmsis_gcc.h ****   \brief   Get Control Register
 968:Drivers/CMSIS/Include/cmsis_gcc.h ****   \details Returns the content of the Control Register.
 969:Drivers/CMSIS/Include/cmsis_gcc.h ****   \return               Control Register value
 970:Drivers/CMSIS/Include/cmsis_gcc.h ****  */
ARM GAS  C:\Users\Toubidou\AppData\Local\Temp\cc36igfg.s 			page 28


 971:Drivers/CMSIS/Include/cmsis_gcc.h **** __STATIC_FORCEINLINE uint32_t __get_CONTROL(void)
 972:Drivers/CMSIS/Include/cmsis_gcc.h **** {
 973:Drivers/CMSIS/Include/cmsis_gcc.h ****   uint32_t result;
 974:Drivers/CMSIS/Include/cmsis_gcc.h **** 
 975:Drivers/CMSIS/Include/cmsis_gcc.h ****   __ASM volatile ("MRS %0, control" : "=r" (result) );
 976:Drivers/CMSIS/Include/cmsis_gcc.h ****   return(result);
 977:Drivers/CMSIS/Include/cmsis_gcc.h **** }
 978:Drivers/CMSIS/Include/cmsis_gcc.h **** 
 979:Drivers/CMSIS/Include/cmsis_gcc.h **** 
 980:Drivers/CMSIS/Include/cmsis_gcc.h **** #if (defined (__ARM_FEATURE_CMSE ) && (__ARM_FEATURE_CMSE == 3))
 981:Drivers/CMSIS/Include/cmsis_gcc.h **** /**
 982:Drivers/CMSIS/Include/cmsis_gcc.h ****   \brief   Get Control Register (non-secure)
 983:Drivers/CMSIS/Include/cmsis_gcc.h ****   \details Returns the content of the non-secure Control Register when in secure mode.
 984:Drivers/CMSIS/Include/cmsis_gcc.h ****   \return               non-secure Control Register value
 985:Drivers/CMSIS/Include/cmsis_gcc.h ****  */
 986:Drivers/CMSIS/Include/cmsis_gcc.h **** __STATIC_FORCEINLINE uint32_t __TZ_get_CONTROL_NS(void)
 987:Drivers/CMSIS/Include/cmsis_gcc.h **** {
 988:Drivers/CMSIS/Include/cmsis_gcc.h ****   uint32_t result;
 989:Drivers/CMSIS/Include/cmsis_gcc.h **** 
 990:Drivers/CMSIS/Include/cmsis_gcc.h ****   __ASM volatile ("MRS %0, control_ns" : "=r" (result) );
 991:Drivers/CMSIS/Include/cmsis_gcc.h ****   return(result);
 992:Drivers/CMSIS/Include/cmsis_gcc.h **** }
 993:Drivers/CMSIS/Include/cmsis_gcc.h **** #endif
 994:Drivers/CMSIS/Include/cmsis_gcc.h **** 
 995:Drivers/CMSIS/Include/cmsis_gcc.h **** 
 996:Drivers/CMSIS/Include/cmsis_gcc.h **** /**
 997:Drivers/CMSIS/Include/cmsis_gcc.h ****   \brief   Set Control Register
 998:Drivers/CMSIS/Include/cmsis_gcc.h ****   \details Writes the given value to the Control Register.
 999:Drivers/CMSIS/Include/cmsis_gcc.h ****   \param [in]    control  Control Register value to set
1000:Drivers/CMSIS/Include/cmsis_gcc.h ****  */
1001:Drivers/CMSIS/Include/cmsis_gcc.h **** __STATIC_FORCEINLINE void __set_CONTROL(uint32_t control)
1002:Drivers/CMSIS/Include/cmsis_gcc.h **** {
1003:Drivers/CMSIS/Include/cmsis_gcc.h ****   __ASM volatile ("MSR control, %0" : : "r" (control) : "memory");
1004:Drivers/CMSIS/Include/cmsis_gcc.h ****   __ISB();
1005:Drivers/CMSIS/Include/cmsis_gcc.h **** }
1006:Drivers/CMSIS/Include/cmsis_gcc.h **** 
1007:Drivers/CMSIS/Include/cmsis_gcc.h **** 
1008:Drivers/CMSIS/Include/cmsis_gcc.h **** #if (defined (__ARM_FEATURE_CMSE ) && (__ARM_FEATURE_CMSE == 3))
1009:Drivers/CMSIS/Include/cmsis_gcc.h **** /**
1010:Drivers/CMSIS/Include/cmsis_gcc.h ****   \brief   Set Control Register (non-secure)
1011:Drivers/CMSIS/Include/cmsis_gcc.h ****   \details Writes the given value to the non-secure Control Register when in secure state.
1012:Drivers/CMSIS/Include/cmsis_gcc.h ****   \param [in]    control  Control Register value to set
1013:Drivers/CMSIS/Include/cmsis_gcc.h ****  */
1014:Drivers/CMSIS/Include/cmsis_gcc.h **** __STATIC_FORCEINLINE void __TZ_set_CONTROL_NS(uint32_t control)
1015:Drivers/CMSIS/Include/cmsis_gcc.h **** {
1016:Drivers/CMSIS/Include/cmsis_gcc.h ****   __ASM volatile ("MSR control_ns, %0" : : "r" (control) : "memory");
1017:Drivers/CMSIS/Include/cmsis_gcc.h ****   __ISB();
1018:Drivers/CMSIS/Include/cmsis_gcc.h **** }
1019:Drivers/CMSIS/Include/cmsis_gcc.h **** #endif
1020:Drivers/CMSIS/Include/cmsis_gcc.h **** 
1021:Drivers/CMSIS/Include/cmsis_gcc.h **** 
1022:Drivers/CMSIS/Include/cmsis_gcc.h **** /**
1023:Drivers/CMSIS/Include/cmsis_gcc.h ****   \brief   Get IPSR Register
1024:Drivers/CMSIS/Include/cmsis_gcc.h ****   \details Returns the content of the IPSR Register.
1025:Drivers/CMSIS/Include/cmsis_gcc.h ****   \return               IPSR Register value
1026:Drivers/CMSIS/Include/cmsis_gcc.h ****  */
1027:Drivers/CMSIS/Include/cmsis_gcc.h **** __STATIC_FORCEINLINE uint32_t __get_IPSR(void)
ARM GAS  C:\Users\Toubidou\AppData\Local\Temp\cc36igfg.s 			page 29


1028:Drivers/CMSIS/Include/cmsis_gcc.h **** {
1029:Drivers/CMSIS/Include/cmsis_gcc.h ****   uint32_t result;
1030:Drivers/CMSIS/Include/cmsis_gcc.h **** 
1031:Drivers/CMSIS/Include/cmsis_gcc.h ****   __ASM volatile ("MRS %0, ipsr" : "=r" (result) );
1032:Drivers/CMSIS/Include/cmsis_gcc.h ****   return(result);
1033:Drivers/CMSIS/Include/cmsis_gcc.h **** }
1034:Drivers/CMSIS/Include/cmsis_gcc.h **** 
1035:Drivers/CMSIS/Include/cmsis_gcc.h **** 
1036:Drivers/CMSIS/Include/cmsis_gcc.h **** /**
1037:Drivers/CMSIS/Include/cmsis_gcc.h ****   \brief   Get APSR Register
1038:Drivers/CMSIS/Include/cmsis_gcc.h ****   \details Returns the content of the APSR Register.
1039:Drivers/CMSIS/Include/cmsis_gcc.h ****   \return               APSR Register value
1040:Drivers/CMSIS/Include/cmsis_gcc.h ****  */
1041:Drivers/CMSIS/Include/cmsis_gcc.h **** __STATIC_FORCEINLINE uint32_t __get_APSR(void)
1042:Drivers/CMSIS/Include/cmsis_gcc.h **** {
1043:Drivers/CMSIS/Include/cmsis_gcc.h ****   uint32_t result;
1044:Drivers/CMSIS/Include/cmsis_gcc.h **** 
1045:Drivers/CMSIS/Include/cmsis_gcc.h ****   __ASM volatile ("MRS %0, apsr" : "=r" (result) );
1046:Drivers/CMSIS/Include/cmsis_gcc.h ****   return(result);
1047:Drivers/CMSIS/Include/cmsis_gcc.h **** }
1048:Drivers/CMSIS/Include/cmsis_gcc.h **** 
1049:Drivers/CMSIS/Include/cmsis_gcc.h **** 
1050:Drivers/CMSIS/Include/cmsis_gcc.h **** /**
1051:Drivers/CMSIS/Include/cmsis_gcc.h ****   \brief   Get xPSR Register
1052:Drivers/CMSIS/Include/cmsis_gcc.h ****   \details Returns the content of the xPSR Register.
1053:Drivers/CMSIS/Include/cmsis_gcc.h ****   \return               xPSR Register value
1054:Drivers/CMSIS/Include/cmsis_gcc.h ****  */
1055:Drivers/CMSIS/Include/cmsis_gcc.h **** __STATIC_FORCEINLINE uint32_t __get_xPSR(void)
1056:Drivers/CMSIS/Include/cmsis_gcc.h **** {
1057:Drivers/CMSIS/Include/cmsis_gcc.h ****   uint32_t result;
1058:Drivers/CMSIS/Include/cmsis_gcc.h **** 
1059:Drivers/CMSIS/Include/cmsis_gcc.h ****   __ASM volatile ("MRS %0, xpsr" : "=r" (result) );
1060:Drivers/CMSIS/Include/cmsis_gcc.h ****   return(result);
1061:Drivers/CMSIS/Include/cmsis_gcc.h **** }
1062:Drivers/CMSIS/Include/cmsis_gcc.h **** 
1063:Drivers/CMSIS/Include/cmsis_gcc.h **** 
1064:Drivers/CMSIS/Include/cmsis_gcc.h **** /**
1065:Drivers/CMSIS/Include/cmsis_gcc.h ****   \brief   Get Process Stack Pointer
1066:Drivers/CMSIS/Include/cmsis_gcc.h ****   \details Returns the current value of the Process Stack Pointer (PSP).
1067:Drivers/CMSIS/Include/cmsis_gcc.h ****   \return               PSP Register value
1068:Drivers/CMSIS/Include/cmsis_gcc.h ****  */
1069:Drivers/CMSIS/Include/cmsis_gcc.h **** __STATIC_FORCEINLINE uint32_t __get_PSP(void)
1070:Drivers/CMSIS/Include/cmsis_gcc.h **** {
1071:Drivers/CMSIS/Include/cmsis_gcc.h ****   uint32_t result;
1072:Drivers/CMSIS/Include/cmsis_gcc.h **** 
1073:Drivers/CMSIS/Include/cmsis_gcc.h ****   __ASM volatile ("MRS %0, psp"  : "=r" (result) );
1074:Drivers/CMSIS/Include/cmsis_gcc.h ****   return(result);
1075:Drivers/CMSIS/Include/cmsis_gcc.h **** }
1076:Drivers/CMSIS/Include/cmsis_gcc.h **** 
1077:Drivers/CMSIS/Include/cmsis_gcc.h **** 
1078:Drivers/CMSIS/Include/cmsis_gcc.h **** #if (defined (__ARM_FEATURE_CMSE ) && (__ARM_FEATURE_CMSE == 3))
1079:Drivers/CMSIS/Include/cmsis_gcc.h **** /**
1080:Drivers/CMSIS/Include/cmsis_gcc.h ****   \brief   Get Process Stack Pointer (non-secure)
1081:Drivers/CMSIS/Include/cmsis_gcc.h ****   \details Returns the current value of the non-secure Process Stack Pointer (PSP) when in secure s
1082:Drivers/CMSIS/Include/cmsis_gcc.h ****   \return               PSP Register value
1083:Drivers/CMSIS/Include/cmsis_gcc.h ****  */
1084:Drivers/CMSIS/Include/cmsis_gcc.h **** __STATIC_FORCEINLINE uint32_t __TZ_get_PSP_NS(void)
ARM GAS  C:\Users\Toubidou\AppData\Local\Temp\cc36igfg.s 			page 30


1085:Drivers/CMSIS/Include/cmsis_gcc.h **** {
1086:Drivers/CMSIS/Include/cmsis_gcc.h ****   uint32_t result;
1087:Drivers/CMSIS/Include/cmsis_gcc.h **** 
1088:Drivers/CMSIS/Include/cmsis_gcc.h ****   __ASM volatile ("MRS %0, psp_ns"  : "=r" (result) );
1089:Drivers/CMSIS/Include/cmsis_gcc.h ****   return(result);
1090:Drivers/CMSIS/Include/cmsis_gcc.h **** }
1091:Drivers/CMSIS/Include/cmsis_gcc.h **** #endif
1092:Drivers/CMSIS/Include/cmsis_gcc.h **** 
1093:Drivers/CMSIS/Include/cmsis_gcc.h **** 
1094:Drivers/CMSIS/Include/cmsis_gcc.h **** /**
1095:Drivers/CMSIS/Include/cmsis_gcc.h ****   \brief   Set Process Stack Pointer
1096:Drivers/CMSIS/Include/cmsis_gcc.h ****   \details Assigns the given value to the Process Stack Pointer (PSP).
1097:Drivers/CMSIS/Include/cmsis_gcc.h ****   \param [in]    topOfProcStack  Process Stack Pointer value to set
1098:Drivers/CMSIS/Include/cmsis_gcc.h ****  */
1099:Drivers/CMSIS/Include/cmsis_gcc.h **** __STATIC_FORCEINLINE void __set_PSP(uint32_t topOfProcStack)
1100:Drivers/CMSIS/Include/cmsis_gcc.h **** {
1101:Drivers/CMSIS/Include/cmsis_gcc.h ****   __ASM volatile ("MSR psp, %0" : : "r" (topOfProcStack) : );
1102:Drivers/CMSIS/Include/cmsis_gcc.h **** }
1103:Drivers/CMSIS/Include/cmsis_gcc.h **** 
1104:Drivers/CMSIS/Include/cmsis_gcc.h **** 
1105:Drivers/CMSIS/Include/cmsis_gcc.h **** #if (defined (__ARM_FEATURE_CMSE ) && (__ARM_FEATURE_CMSE == 3))
1106:Drivers/CMSIS/Include/cmsis_gcc.h **** /**
1107:Drivers/CMSIS/Include/cmsis_gcc.h ****   \brief   Set Process Stack Pointer (non-secure)
1108:Drivers/CMSIS/Include/cmsis_gcc.h ****   \details Assigns the given value to the non-secure Process Stack Pointer (PSP) when in secure sta
1109:Drivers/CMSIS/Include/cmsis_gcc.h ****   \param [in]    topOfProcStack  Process Stack Pointer value to set
1110:Drivers/CMSIS/Include/cmsis_gcc.h ****  */
1111:Drivers/CMSIS/Include/cmsis_gcc.h **** __STATIC_FORCEINLINE void __TZ_set_PSP_NS(uint32_t topOfProcStack)
1112:Drivers/CMSIS/Include/cmsis_gcc.h **** {
1113:Drivers/CMSIS/Include/cmsis_gcc.h ****   __ASM volatile ("MSR psp_ns, %0" : : "r" (topOfProcStack) : );
1114:Drivers/CMSIS/Include/cmsis_gcc.h **** }
1115:Drivers/CMSIS/Include/cmsis_gcc.h **** #endif
1116:Drivers/CMSIS/Include/cmsis_gcc.h **** 
1117:Drivers/CMSIS/Include/cmsis_gcc.h **** 
1118:Drivers/CMSIS/Include/cmsis_gcc.h **** /**
1119:Drivers/CMSIS/Include/cmsis_gcc.h ****   \brief   Get Main Stack Pointer
1120:Drivers/CMSIS/Include/cmsis_gcc.h ****   \details Returns the current value of the Main Stack Pointer (MSP).
1121:Drivers/CMSIS/Include/cmsis_gcc.h ****   \return               MSP Register value
1122:Drivers/CMSIS/Include/cmsis_gcc.h ****  */
1123:Drivers/CMSIS/Include/cmsis_gcc.h **** __STATIC_FORCEINLINE uint32_t __get_MSP(void)
1124:Drivers/CMSIS/Include/cmsis_gcc.h **** {
1125:Drivers/CMSIS/Include/cmsis_gcc.h ****   uint32_t result;
1126:Drivers/CMSIS/Include/cmsis_gcc.h **** 
1127:Drivers/CMSIS/Include/cmsis_gcc.h ****   __ASM volatile ("MRS %0, msp" : "=r" (result) );
1128:Drivers/CMSIS/Include/cmsis_gcc.h ****   return(result);
1129:Drivers/CMSIS/Include/cmsis_gcc.h **** }
1130:Drivers/CMSIS/Include/cmsis_gcc.h **** 
1131:Drivers/CMSIS/Include/cmsis_gcc.h **** 
1132:Drivers/CMSIS/Include/cmsis_gcc.h **** #if (defined (__ARM_FEATURE_CMSE ) && (__ARM_FEATURE_CMSE == 3))
1133:Drivers/CMSIS/Include/cmsis_gcc.h **** /**
1134:Drivers/CMSIS/Include/cmsis_gcc.h ****   \brief   Get Main Stack Pointer (non-secure)
1135:Drivers/CMSIS/Include/cmsis_gcc.h ****   \details Returns the current value of the non-secure Main Stack Pointer (MSP) when in secure stat
1136:Drivers/CMSIS/Include/cmsis_gcc.h ****   \return               MSP Register value
1137:Drivers/CMSIS/Include/cmsis_gcc.h ****  */
1138:Drivers/CMSIS/Include/cmsis_gcc.h **** __STATIC_FORCEINLINE uint32_t __TZ_get_MSP_NS(void)
1139:Drivers/CMSIS/Include/cmsis_gcc.h **** {
1140:Drivers/CMSIS/Include/cmsis_gcc.h ****   uint32_t result;
1141:Drivers/CMSIS/Include/cmsis_gcc.h **** 
ARM GAS  C:\Users\Toubidou\AppData\Local\Temp\cc36igfg.s 			page 31


1142:Drivers/CMSIS/Include/cmsis_gcc.h ****   __ASM volatile ("MRS %0, msp_ns" : "=r" (result) );
1143:Drivers/CMSIS/Include/cmsis_gcc.h ****   return(result);
1144:Drivers/CMSIS/Include/cmsis_gcc.h **** }
1145:Drivers/CMSIS/Include/cmsis_gcc.h **** #endif
1146:Drivers/CMSIS/Include/cmsis_gcc.h **** 
1147:Drivers/CMSIS/Include/cmsis_gcc.h **** 
1148:Drivers/CMSIS/Include/cmsis_gcc.h **** /**
1149:Drivers/CMSIS/Include/cmsis_gcc.h ****   \brief   Set Main Stack Pointer
1150:Drivers/CMSIS/Include/cmsis_gcc.h ****   \details Assigns the given value to the Main Stack Pointer (MSP).
1151:Drivers/CMSIS/Include/cmsis_gcc.h ****   \param [in]    topOfMainStack  Main Stack Pointer value to set
1152:Drivers/CMSIS/Include/cmsis_gcc.h ****  */
1153:Drivers/CMSIS/Include/cmsis_gcc.h **** __STATIC_FORCEINLINE void __set_MSP(uint32_t topOfMainStack)
1154:Drivers/CMSIS/Include/cmsis_gcc.h **** {
1155:Drivers/CMSIS/Include/cmsis_gcc.h ****   __ASM volatile ("MSR msp, %0" : : "r" (topOfMainStack) : );
1156:Drivers/CMSIS/Include/cmsis_gcc.h **** }
1157:Drivers/CMSIS/Include/cmsis_gcc.h **** 
1158:Drivers/CMSIS/Include/cmsis_gcc.h **** 
1159:Drivers/CMSIS/Include/cmsis_gcc.h **** #if (defined (__ARM_FEATURE_CMSE ) && (__ARM_FEATURE_CMSE == 3))
1160:Drivers/CMSIS/Include/cmsis_gcc.h **** /**
1161:Drivers/CMSIS/Include/cmsis_gcc.h ****   \brief   Set Main Stack Pointer (non-secure)
1162:Drivers/CMSIS/Include/cmsis_gcc.h ****   \details Assigns the given value to the non-secure Main Stack Pointer (MSP) when in secure state.
1163:Drivers/CMSIS/Include/cmsis_gcc.h ****   \param [in]    topOfMainStack  Main Stack Pointer value to set
1164:Drivers/CMSIS/Include/cmsis_gcc.h ****  */
1165:Drivers/CMSIS/Include/cmsis_gcc.h **** __STATIC_FORCEINLINE void __TZ_set_MSP_NS(uint32_t topOfMainStack)
1166:Drivers/CMSIS/Include/cmsis_gcc.h **** {
1167:Drivers/CMSIS/Include/cmsis_gcc.h ****   __ASM volatile ("MSR msp_ns, %0" : : "r" (topOfMainStack) : );
1168:Drivers/CMSIS/Include/cmsis_gcc.h **** }
1169:Drivers/CMSIS/Include/cmsis_gcc.h **** #endif
1170:Drivers/CMSIS/Include/cmsis_gcc.h **** 
1171:Drivers/CMSIS/Include/cmsis_gcc.h **** 
1172:Drivers/CMSIS/Include/cmsis_gcc.h **** #if (defined (__ARM_FEATURE_CMSE ) && (__ARM_FEATURE_CMSE == 3))
1173:Drivers/CMSIS/Include/cmsis_gcc.h **** /**
1174:Drivers/CMSIS/Include/cmsis_gcc.h ****   \brief   Get Stack Pointer (non-secure)
1175:Drivers/CMSIS/Include/cmsis_gcc.h ****   \details Returns the current value of the non-secure Stack Pointer (SP) when in secure state.
1176:Drivers/CMSIS/Include/cmsis_gcc.h ****   \return               SP Register value
1177:Drivers/CMSIS/Include/cmsis_gcc.h ****  */
1178:Drivers/CMSIS/Include/cmsis_gcc.h **** __STATIC_FORCEINLINE uint32_t __TZ_get_SP_NS(void)
1179:Drivers/CMSIS/Include/cmsis_gcc.h **** {
1180:Drivers/CMSIS/Include/cmsis_gcc.h ****   uint32_t result;
1181:Drivers/CMSIS/Include/cmsis_gcc.h **** 
1182:Drivers/CMSIS/Include/cmsis_gcc.h ****   __ASM volatile ("MRS %0, sp_ns" : "=r" (result) );
1183:Drivers/CMSIS/Include/cmsis_gcc.h ****   return(result);
1184:Drivers/CMSIS/Include/cmsis_gcc.h **** }
1185:Drivers/CMSIS/Include/cmsis_gcc.h **** 
1186:Drivers/CMSIS/Include/cmsis_gcc.h **** 
1187:Drivers/CMSIS/Include/cmsis_gcc.h **** /**
1188:Drivers/CMSIS/Include/cmsis_gcc.h ****   \brief   Set Stack Pointer (non-secure)
1189:Drivers/CMSIS/Include/cmsis_gcc.h ****   \details Assigns the given value to the non-secure Stack Pointer (SP) when in secure state.
1190:Drivers/CMSIS/Include/cmsis_gcc.h ****   \param [in]    topOfStack  Stack Pointer value to set
1191:Drivers/CMSIS/Include/cmsis_gcc.h ****  */
1192:Drivers/CMSIS/Include/cmsis_gcc.h **** __STATIC_FORCEINLINE void __TZ_set_SP_NS(uint32_t topOfStack)
1193:Drivers/CMSIS/Include/cmsis_gcc.h **** {
1194:Drivers/CMSIS/Include/cmsis_gcc.h ****   __ASM volatile ("MSR sp_ns, %0" : : "r" (topOfStack) : );
1195:Drivers/CMSIS/Include/cmsis_gcc.h **** }
1196:Drivers/CMSIS/Include/cmsis_gcc.h **** #endif
1197:Drivers/CMSIS/Include/cmsis_gcc.h **** 
1198:Drivers/CMSIS/Include/cmsis_gcc.h **** 
ARM GAS  C:\Users\Toubidou\AppData\Local\Temp\cc36igfg.s 			page 32


1199:Drivers/CMSIS/Include/cmsis_gcc.h **** /**
1200:Drivers/CMSIS/Include/cmsis_gcc.h ****   \brief   Get Priority Mask
1201:Drivers/CMSIS/Include/cmsis_gcc.h ****   \details Returns the current state of the priority mask bit from the Priority Mask Register.
1202:Drivers/CMSIS/Include/cmsis_gcc.h ****   \return               Priority Mask value
1203:Drivers/CMSIS/Include/cmsis_gcc.h ****  */
1204:Drivers/CMSIS/Include/cmsis_gcc.h **** __STATIC_FORCEINLINE uint32_t __get_PRIMASK(void)
 415              		.loc 2 1204 31 view .LVU117
 416              	.LBB75:
1205:Drivers/CMSIS/Include/cmsis_gcc.h **** {
1206:Drivers/CMSIS/Include/cmsis_gcc.h ****   uint32_t result;
 417              		.loc 2 1206 3 view .LVU118
1207:Drivers/CMSIS/Include/cmsis_gcc.h **** 
1208:Drivers/CMSIS/Include/cmsis_gcc.h ****   __ASM volatile ("MRS %0, primask" : "=r" (result) );
 418              		.loc 2 1208 3 view .LVU119
 419              		.syntax unified
 420              	@ 1208 "Drivers/CMSIS/Include/cmsis_gcc.h" 1
 421 0032 EFF31081 		MRS r1, primask
 422              	@ 0 "" 2
1209:Drivers/CMSIS/Include/cmsis_gcc.h ****   return(result);
 423              		.loc 2 1209 3 view .LVU120
 424              	.LVL25:
 425              		.loc 2 1209 3 is_stmt 0 view .LVU121
 426              		.thumb
 427              		.syntax unified
 428              	.LBE75:
 429              	.LBE74:
   8:KTimeSlice/ktime_slice.c ****     return primask;
 430              		.loc 1 8 5 is_stmt 1 view .LVU122
 431              	.LBB76:
 432              	.LBI76:
 960:Drivers/CMSIS/Include/cmsis_gcc.h **** {
 433              		.loc 2 960 27 view .LVU123
 434              	.LBB77:
 962:Drivers/CMSIS/Include/cmsis_gcc.h **** }
 435              		.loc 2 962 3 view .LVU124
 436              		.syntax unified
 437              	@ 962 "Drivers/CMSIS/Include/cmsis_gcc.h" 1
 438 0036 72B6     		cpsid i
 439              	@ 0 "" 2
 440              		.thumb
 441              		.syntax unified
 442              	.LBE77:
 443              	.LBE76:
   9:KTimeSlice/ktime_slice.c **** }
 444              		.loc 1 9 5 view .LVU125
 445              	.LVL26:
   9:KTimeSlice/ktime_slice.c **** }
 446              		.loc 1 9 5 is_stmt 0 view .LVU126
 447              	.LBE73:
 448              	.LBE72:
 125:KTimeSlice/ktime_slice.c **** 
 126:KTimeSlice/ktime_slice.c **** 	tq.task_num++;               
 449              		.loc 1 126 2 is_stmt 1 view .LVU127
 450              		.loc 1 126 4 is_stmt 0 view .LVU128
 451 0038 0A4B     		ldr	r3, .L51
 452 003a 1A78     		ldrb	r2, [r3]	@ zero_extendqisi2
 453              		.loc 1 126 13 view .LVU129
ARM GAS  C:\Users\Toubidou\AppData\Local\Temp\cc36igfg.s 			page 33


 454 003c 0132     		adds	r2, r2, #1
 455 003e 1A70     		strb	r2, [r3]
 127:KTimeSlice/ktime_slice.c **** 	if(tq.head == NULL)
 456              		.loc 1 127 2 is_stmt 1 view .LVU130
 457              		.loc 1 127 7 is_stmt 0 view .LVU131
 458 0040 5B68     		ldr	r3, [r3, #4]
 459              		.loc 1 127 4 view .LVU132
 460 0042 3BB1     		cbz	r3, .L50
 128:KTimeSlice/ktime_slice.c **** 	{
 129:KTimeSlice/ktime_slice.c **** 		tq.head = new_ktask;         
 130:KTimeSlice/ktime_slice.c **** 		tq.rear = new_ktask;
 131:KTimeSlice/ktime_slice.c **** 	}
 132:KTimeSlice/ktime_slice.c **** 	else
 133:KTimeSlice/ktime_slice.c **** 	{
 134:KTimeSlice/ktime_slice.c **** 		tq.rear->next = new_ktask;				        
 461              		.loc 1 134 3 is_stmt 1 view .LVU133
 462              		.loc 1 134 5 is_stmt 0 view .LVU134
 463 0044 074B     		ldr	r3, .L51
 464 0046 9B68     		ldr	r3, [r3, #8]
 465              		.loc 1 134 17 view .LVU135
 466 0048 9861     		str	r0, [r3, #24]
 467              	.L43:
 135:KTimeSlice/ktime_slice.c **** 	}
 136:KTimeSlice/ktime_slice.c **** 	tq.rear = new_ktask;           
 468              		.loc 1 136 2 is_stmt 1 view .LVU136
 469              		.loc 1 136 10 is_stmt 0 view .LVU137
 470 004a 064B     		ldr	r3, .L51
 471 004c 9860     		str	r0, [r3, #8]
 137:KTimeSlice/ktime_slice.c **** 
 138:KTimeSlice/ktime_slice.c **** 	critical_exit(primask);              
 472              		.loc 1 138 2 is_stmt 1 view .LVU138
 473              	.LVL27:
 474              	.LBB78:
 475              	.LBI78:
  11:KTimeSlice/ktime_slice.c **** {
 476              		.loc 1 11 20 view .LVU139
  13:KTimeSlice/ktime_slice.c **** }
 477              		.loc 1 13 5 view .LVU140
 478              	.LBB79:
 479              	.LBI79:
1210:Drivers/CMSIS/Include/cmsis_gcc.h **** }
1211:Drivers/CMSIS/Include/cmsis_gcc.h **** 
1212:Drivers/CMSIS/Include/cmsis_gcc.h **** 
1213:Drivers/CMSIS/Include/cmsis_gcc.h **** #if (defined (__ARM_FEATURE_CMSE ) && (__ARM_FEATURE_CMSE == 3))
1214:Drivers/CMSIS/Include/cmsis_gcc.h **** /**
1215:Drivers/CMSIS/Include/cmsis_gcc.h ****   \brief   Get Priority Mask (non-secure)
1216:Drivers/CMSIS/Include/cmsis_gcc.h ****   \details Returns the current state of the non-secure priority mask bit from the Priority Mask Reg
1217:Drivers/CMSIS/Include/cmsis_gcc.h ****   \return               Priority Mask value
1218:Drivers/CMSIS/Include/cmsis_gcc.h ****  */
1219:Drivers/CMSIS/Include/cmsis_gcc.h **** __STATIC_FORCEINLINE uint32_t __TZ_get_PRIMASK_NS(void)
1220:Drivers/CMSIS/Include/cmsis_gcc.h **** {
1221:Drivers/CMSIS/Include/cmsis_gcc.h ****   uint32_t result;
1222:Drivers/CMSIS/Include/cmsis_gcc.h **** 
1223:Drivers/CMSIS/Include/cmsis_gcc.h ****   __ASM volatile ("MRS %0, primask_ns" : "=r" (result) );
1224:Drivers/CMSIS/Include/cmsis_gcc.h ****   return(result);
1225:Drivers/CMSIS/Include/cmsis_gcc.h **** }
1226:Drivers/CMSIS/Include/cmsis_gcc.h **** #endif
ARM GAS  C:\Users\Toubidou\AppData\Local\Temp\cc36igfg.s 			page 34


1227:Drivers/CMSIS/Include/cmsis_gcc.h **** 
1228:Drivers/CMSIS/Include/cmsis_gcc.h **** 
1229:Drivers/CMSIS/Include/cmsis_gcc.h **** /**
1230:Drivers/CMSIS/Include/cmsis_gcc.h ****   \brief   Set Priority Mask
1231:Drivers/CMSIS/Include/cmsis_gcc.h ****   \details Assigns the given value to the Priority Mask Register.
1232:Drivers/CMSIS/Include/cmsis_gcc.h ****   \param [in]    priMask  Priority Mask
1233:Drivers/CMSIS/Include/cmsis_gcc.h ****  */
1234:Drivers/CMSIS/Include/cmsis_gcc.h **** __STATIC_FORCEINLINE void __set_PRIMASK(uint32_t priMask)
 480              		.loc 2 1234 27 view .LVU141
 481              	.LBB80:
1235:Drivers/CMSIS/Include/cmsis_gcc.h **** {
1236:Drivers/CMSIS/Include/cmsis_gcc.h ****   __ASM volatile ("MSR primask, %0" : : "r" (priMask) : "memory");
 482              		.loc 2 1236 3 view .LVU142
 483              		.syntax unified
 484              	@ 1236 "Drivers/CMSIS/Include/cmsis_gcc.h" 1
 485 004e 81F31088 		MSR primask, r1
 486              	@ 0 "" 2
 487              	.LVL28:
 488              		.loc 2 1236 3 is_stmt 0 view .LVU143
 489              		.thumb
 490              		.syntax unified
 491              	.LBE80:
 492              	.LBE79:
 493              	.LBE78:
 139:KTimeSlice/ktime_slice.c **** 
 140:KTimeSlice/ktime_slice.c **** 	return new_ktask;
 494              		.loc 1 140 2 is_stmt 1 view .LVU144
 495              	.L40:
 141:KTimeSlice/ktime_slice.c **** }
 496              		.loc 1 141 1 is_stmt 0 view .LVU145
 497 0052 F8BD     		pop	{r3, r4, r5, r6, r7, pc}
 498              	.LVL29:
 499              	.L50:
 129:KTimeSlice/ktime_slice.c **** 		tq.rear = new_ktask;
 500              		.loc 1 129 3 is_stmt 1 view .LVU146
 129:KTimeSlice/ktime_slice.c **** 		tq.rear = new_ktask;
 501              		.loc 1 129 11 is_stmt 0 view .LVU147
 502 0054 034B     		ldr	r3, .L51
 503 0056 5860     		str	r0, [r3, #4]
 130:KTimeSlice/ktime_slice.c **** 	}
 504              		.loc 1 130 3 is_stmt 1 view .LVU148
 130:KTimeSlice/ktime_slice.c **** 	}
 505              		.loc 1 130 11 is_stmt 0 view .LVU149
 506 0058 9860     		str	r0, [r3, #8]
 507 005a F6E7     		b	.L43
 508              	.LVL30:
 509              	.L45:
 102:KTimeSlice/ktime_slice.c **** 	}
 510              		.loc 1 102 10 view .LVU150
 511 005c 0020     		movs	r0, #0
 512              	.LVL31:
 102:KTimeSlice/ktime_slice.c **** 	}
 513              		.loc 1 102 10 view .LVU151
 514 005e F8E7     		b	.L40
 515              	.LVL32:
 516              	.L47:
 517              	.LCFI6:
ARM GAS  C:\Users\Toubidou\AppData\Local\Temp\cc36igfg.s 			page 35


 518              		.cfi_def_cfa_offset 0
 519              		.cfi_restore 3
 520              		.cfi_restore 4
 521              		.cfi_restore 5
 522              		.cfi_restore 6
 523              		.cfi_restore 7
 524              		.cfi_restore 14
 525              		.loc 1 141 1 view .LVU152
 526 0060 7047     		bx	lr
 527              	.L52:
 528 0062 00BF     		.align	2
 529              	.L51:
 530 0064 00000000 		.word	tq
 531              		.cfi_endproc
 532              	.LFE248:
 534              		.section	.text.ktask_run,"ax",%progbits
 535              		.align	1
 536              		.global	ktask_run
 537              		.syntax unified
 538              		.thumb
 539              		.thumb_func
 541              	ktask_run:
 542              	.LFB249:
 142:KTimeSlice/ktime_slice.c **** 
 143:KTimeSlice/ktime_slice.c **** void ktask_run(void)
 144:KTimeSlice/ktime_slice.c **** {
 543              		.loc 1 144 1 is_stmt 1 view -0
 544              		.cfi_startproc
 545              		@ args = 0, pretend = 0, frame = 0
 546              		@ frame_needed = 0, uses_anonymous_args = 0
 547 0000 F8B5     		push	{r3, r4, r5, r6, r7, lr}
 548              	.LCFI7:
 549              		.cfi_def_cfa_offset 24
 550              		.cfi_offset 3, -24
 551              		.cfi_offset 4, -20
 552              		.cfi_offset 5, -16
 553              		.cfi_offset 6, -12
 554              		.cfi_offset 7, -8
 555              		.cfi_offset 14, -4
 145:KTimeSlice/ktime_slice.c **** 	uint32_t primask = critical_enter();
 556              		.loc 1 145 2 view .LVU154
 557              	.LBB81:
 558              	.LBI81:
   5:KTimeSlice/ktime_slice.c **** {
 559              		.loc 1 5 24 view .LVU155
 560              	.LBB82:
   7:KTimeSlice/ktime_slice.c ****     __disable_irq();
 561              		.loc 1 7 5 view .LVU156
 562              	.LBB83:
 563              	.LBI83:
1204:Drivers/CMSIS/Include/cmsis_gcc.h **** {
 564              		.loc 2 1204 31 view .LVU157
 565              	.LBB84:
1206:Drivers/CMSIS/Include/cmsis_gcc.h **** 
 566              		.loc 2 1206 3 view .LVU158
1208:Drivers/CMSIS/Include/cmsis_gcc.h ****   return(result);
 567              		.loc 2 1208 3 view .LVU159
ARM GAS  C:\Users\Toubidou\AppData\Local\Temp\cc36igfg.s 			page 36


 568              		.syntax unified
 569              	@ 1208 "Drivers/CMSIS/Include/cmsis_gcc.h" 1
 570 0002 EFF31085 		MRS r5, primask
 571              	@ 0 "" 2
1209:Drivers/CMSIS/Include/cmsis_gcc.h **** }
 572              		.loc 2 1209 3 view .LVU160
 573              	.LVL33:
1209:Drivers/CMSIS/Include/cmsis_gcc.h **** }
 574              		.loc 2 1209 3 is_stmt 0 view .LVU161
 575              		.thumb
 576              		.syntax unified
 577              	.LBE84:
 578              	.LBE83:
   8:KTimeSlice/ktime_slice.c ****     return primask;
 579              		.loc 1 8 5 is_stmt 1 view .LVU162
 580              	.LBB85:
 581              	.LBI85:
 960:Drivers/CMSIS/Include/cmsis_gcc.h **** {
 582              		.loc 2 960 27 view .LVU163
 583              	.LBB86:
 962:Drivers/CMSIS/Include/cmsis_gcc.h **** }
 584              		.loc 2 962 3 view .LVU164
 585              		.syntax unified
 586              	@ 962 "Drivers/CMSIS/Include/cmsis_gcc.h" 1
 587 0006 72B6     		cpsid i
 588              	@ 0 "" 2
 589              		.thumb
 590              		.syntax unified
 591              	.LBE86:
 592              	.LBE85:
   9:KTimeSlice/ktime_slice.c **** }
 593              		.loc 1 9 5 view .LVU165
 594              	.LVL34:
   9:KTimeSlice/ktime_slice.c **** }
 595              		.loc 1 9 5 is_stmt 0 view .LVU166
 596              	.LBE82:
 597              	.LBE81:
 146:KTimeSlice/ktime_slice.c **** 
 147:KTimeSlice/ktime_slice.c **** 	KTaskNode *temp_task_node = tq.head;
 598              		.loc 1 147 2 is_stmt 1 view .LVU167
 599              		.loc 1 147 13 is_stmt 0 view .LVU168
 600 0008 1C4B     		ldr	r3, .L67
 601 000a 5C68     		ldr	r4, [r3, #4]
 602              	.LVL35:
 148:KTimeSlice/ktime_slice.c **** 	KTaskNode *pre = tq.head;
 603              		.loc 1 148 2 is_stmt 1 view .LVU169
 149:KTimeSlice/ktime_slice.c **** 	KTaskNode *temp = NULL;
 604              		.loc 1 149 2 view .LVU170
 150:KTimeSlice/ktime_slice.c **** 	while(temp_task_node != NULL)
 605              		.loc 1 150 2 view .LVU171
 148:KTimeSlice/ktime_slice.c **** 	KTaskNode *pre = tq.head;
 606              		.loc 1 148 13 is_stmt 0 view .LVU172
 607 000c 2746     		mov	r7, r4
 608              		.loc 1 150 7 view .LVU173
 609 000e 1CE0     		b	.L54
 610              	.LVL36:
 611              	.L66:
ARM GAS  C:\Users\Toubidou\AppData\Local\Temp\cc36igfg.s 			page 37


 151:KTimeSlice/ktime_slice.c **** 	{
 152:KTimeSlice/ktime_slice.c **** 		if(temp_task_node->task_state == READY)   
 153:KTimeSlice/ktime_slice.c **** 		{
 154:KTimeSlice/ktime_slice.c **** 			temp_task_node->task_state = RUN;
 155:KTimeSlice/ktime_slice.c **** 
 156:KTimeSlice/ktime_slice.c **** 			critical_exit(primask);  
 157:KTimeSlice/ktime_slice.c **** 									
 158:KTimeSlice/ktime_slice.c **** 			temp_task_node->task(temp_task_node->param);
 159:KTimeSlice/ktime_slice.c **** 
 160:KTimeSlice/ktime_slice.c **** 			primask = critical_enter();  
 161:KTimeSlice/ktime_slice.c **** 
 162:KTimeSlice/ktime_slice.c **** 			if(temp_task_node->repeat_count == 1)  
 163:KTimeSlice/ktime_slice.c **** 			{
 164:KTimeSlice/ktime_slice.c **** 				if(temp_task_node == tq.head)
 612              		.loc 1 164 5 is_stmt 1 view .LVU174
 613              		.loc 1 164 28 is_stmt 0 view .LVU175
 614 0010 1A4B     		ldr	r3, .L67
 615 0012 5B68     		ldr	r3, [r3, #4]
 616              		.loc 1 164 7 view .LVU176
 617 0014 A342     		cmp	r3, r4
 618 0016 0FD0     		beq	.L63
 165:KTimeSlice/ktime_slice.c **** 				{
 166:KTimeSlice/ktime_slice.c **** 					tq.head = temp_task_node->next;         
 167:KTimeSlice/ktime_slice.c **** 				}
 168:KTimeSlice/ktime_slice.c **** 				else if(temp_task_node == tq.rear)
 619              		.loc 1 168 10 is_stmt 1 view .LVU177
 620              		.loc 1 168 33 is_stmt 0 view .LVU178
 621 0018 184B     		ldr	r3, .L67
 622 001a 9B68     		ldr	r3, [r3, #8]
 623              		.loc 1 168 12 view .LVU179
 624 001c A342     		cmp	r3, r4
 625 001e 0FD0     		beq	.L64
 169:KTimeSlice/ktime_slice.c **** 				{
 170:KTimeSlice/ktime_slice.c **** 					tq.rear = pre;
 171:KTimeSlice/ktime_slice.c **** 				}
 172:KTimeSlice/ktime_slice.c **** 				else{
 173:KTimeSlice/ktime_slice.c **** 					pre->next = temp_task_node->next;
 626              		.loc 1 173 6 is_stmt 1 view .LVU180
 627              		.loc 1 173 32 is_stmt 0 view .LVU181
 628 0020 A369     		ldr	r3, [r4, #24]
 629              		.loc 1 173 16 view .LVU182
 630 0022 BB61     		str	r3, [r7, #24]
 631              	.L58:
 174:KTimeSlice/ktime_slice.c **** 				}
 175:KTimeSlice/ktime_slice.c **** 				temp = temp_task_node;
 632              		.loc 1 175 5 is_stmt 1 view .LVU183
 633              	.LVL37:
 176:KTimeSlice/ktime_slice.c **** 				temp_task_node = temp_task_node->next;
 634              		.loc 1 176 5 view .LVU184
 635              		.loc 1 176 20 is_stmt 0 view .LVU185
 636 0024 A669     		ldr	r6, [r4, #24]
 637              	.LVL38:
 177:KTimeSlice/ktime_slice.c **** #if KTASK_USE_STATIC_ALLOC
 178:KTimeSlice/ktime_slice.c **** 				task_pool_free(temp);       /* 归还节点到静态池 */
 638              		.loc 1 178 5 is_stmt 1 view .LVU186
 639 0026 2046     		mov	r0, r4
 640 0028 FFF7FEFF 		bl	task_pool_free
ARM GAS  C:\Users\Toubidou\AppData\Local\Temp\cc36igfg.s 			page 38


 641              	.LVL39:
 179:KTimeSlice/ktime_slice.c **** #else
 180:KTimeSlice/ktime_slice.c **** 				free(temp);                 //删除节点
 181:KTimeSlice/ktime_slice.c **** #endif
 182:KTimeSlice/ktime_slice.c **** 
 183:KTimeSlice/ktime_slice.c **** 				tq.task_num--;
 642              		.loc 1 183 5 view .LVU187
 643              		.loc 1 183 7 is_stmt 0 view .LVU188
 644 002c 134A     		ldr	r2, .L67
 645 002e 1378     		ldrb	r3, [r2]	@ zero_extendqisi2
 646              		.loc 1 183 16 view .LVU189
 647 0030 013B     		subs	r3, r3, #1
 648 0032 1370     		strb	r3, [r2]
 184:KTimeSlice/ktime_slice.c **** 				continue;
 649              		.loc 1 184 5 is_stmt 1 view .LVU190
 176:KTimeSlice/ktime_slice.c **** #if KTASK_USE_STATIC_ALLOC
 650              		.loc 1 176 20 is_stmt 0 view .LVU191
 651 0034 3446     		mov	r4, r6
 652              	.LVL40:
 653              		.loc 1 184 5 view .LVU192
 654 0036 08E0     		b	.L54
 655              	.LVL41:
 656              	.L63:
 166:KTimeSlice/ktime_slice.c **** 				}
 657              		.loc 1 166 6 is_stmt 1 view .LVU193
 166:KTimeSlice/ktime_slice.c **** 				}
 658              		.loc 1 166 30 is_stmt 0 view .LVU194
 659 0038 A269     		ldr	r2, [r4, #24]
 166:KTimeSlice/ktime_slice.c **** 				}
 660              		.loc 1 166 14 view .LVU195
 661 003a 104B     		ldr	r3, .L67
 662 003c 5A60     		str	r2, [r3, #4]
 663 003e F1E7     		b	.L58
 664              	.L64:
 170:KTimeSlice/ktime_slice.c **** 				}
 665              		.loc 1 170 6 is_stmt 1 view .LVU196
 170:KTimeSlice/ktime_slice.c **** 				}
 666              		.loc 1 170 14 is_stmt 0 view .LVU197
 667 0040 0E4B     		ldr	r3, .L67
 668 0042 9F60     		str	r7, [r3, #8]
 669 0044 EEE7     		b	.L58
 670              	.LVL42:
 671              	.L55:
 185:KTimeSlice/ktime_slice.c **** 			}
 186:KTimeSlice/ktime_slice.c **** 			else{                       
 187:KTimeSlice/ktime_slice.c **** 				temp_task_node->task_state = WAIT;		
 188:KTimeSlice/ktime_slice.c **** 				temp_task_node->time = 0;            							
 189:KTimeSlice/ktime_slice.c **** 			}			
 190:KTimeSlice/ktime_slice.c **** 		}	
 191:KTimeSlice/ktime_slice.c **** 		pre = temp_task_node;
 672              		.loc 1 191 3 is_stmt 1 view .LVU198
 192:KTimeSlice/ktime_slice.c **** 	  	temp_task_node = temp_task_node->next;      
 673              		.loc 1 192 5 view .LVU199
 191:KTimeSlice/ktime_slice.c **** 	  	temp_task_node = temp_task_node->next;      
 674              		.loc 1 191 7 is_stmt 0 view .LVU200
 675 0046 2746     		mov	r7, r4
 676              		.loc 1 192 20 view .LVU201
ARM GAS  C:\Users\Toubidou\AppData\Local\Temp\cc36igfg.s 			page 39


 677 0048 A469     		ldr	r4, [r4, #24]
 678              	.LVL43:
 679              	.L54:
 150:KTimeSlice/ktime_slice.c **** 	{
 680              		.loc 1 150 23 is_stmt 1 view .LVU202
 681 004a A4B1     		cbz	r4, .L65
 152:KTimeSlice/ktime_slice.c **** 		{
 682              		.loc 1 152 3 view .LVU203
 152:KTimeSlice/ktime_slice.c **** 		{
 683              		.loc 1 152 20 is_stmt 0 view .LVU204
 684 004c 237A     		ldrb	r3, [r4, #8]	@ zero_extendqisi2
 152:KTimeSlice/ktime_slice.c **** 		{
 685              		.loc 1 152 5 view .LVU205
 686 004e 012B     		cmp	r3, #1
 687 0050 F9D1     		bne	.L55
 154:KTimeSlice/ktime_slice.c **** 
 688              		.loc 1 154 4 is_stmt 1 view .LVU206
 154:KTimeSlice/ktime_slice.c **** 
 689              		.loc 1 154 31 is_stmt 0 view .LVU207
 690 0052 0023     		movs	r3, #0
 691 0054 2372     		strb	r3, [r4, #8]
 156:KTimeSlice/ktime_slice.c **** 									
 692              		.loc 1 156 4 is_stmt 1 view .LVU208
 693              	.LVL44:
 694              	.LBB87:
 695              	.LBI87:
  11:KTimeSlice/ktime_slice.c **** {
 696              		.loc 1 11 20 view .LVU209
  13:KTimeSlice/ktime_slice.c **** }
 697              		.loc 1 13 5 view .LVU210
 698              	.LBB88:
 699              	.LBI88:
1234:Drivers/CMSIS/Include/cmsis_gcc.h **** {
 700              		.loc 2 1234 27 view .LVU211
 701              	.LBB89:
 702              		.loc 2 1236 3 view .LVU212
 703              		.syntax unified
 704              	@ 1236 "Drivers/CMSIS/Include/cmsis_gcc.h" 1
 705 0056 85F31088 		MSR primask, r5
 706              	@ 0 "" 2
 707              	.LVL45:
 708              		.loc 2 1236 3 is_stmt 0 view .LVU213
 709              		.thumb
 710              		.syntax unified
 711              	.LBE89:
 712              	.LBE88:
 713              	.LBE87:
 158:KTimeSlice/ktime_slice.c **** 
 714              		.loc 1 158 4 is_stmt 1 view .LVU214
 158:KTimeSlice/ktime_slice.c **** 
 715              		.loc 1 158 18 is_stmt 0 view .LVU215
 716 005a E368     		ldr	r3, [r4, #12]
 158:KTimeSlice/ktime_slice.c **** 
 717              		.loc 1 158 4 view .LVU216
 718 005c 2069     		ldr	r0, [r4, #16]
 719 005e 9847     		blx	r3
 720              	.LVL46:
ARM GAS  C:\Users\Toubidou\AppData\Local\Temp\cc36igfg.s 			page 40


 160:KTimeSlice/ktime_slice.c **** 
 721              		.loc 1 160 4 is_stmt 1 view .LVU217
 722              	.LBB90:
 723              	.LBI90:
   5:KTimeSlice/ktime_slice.c **** {
 724              		.loc 1 5 24 view .LVU218
 725              	.LBB91:
   7:KTimeSlice/ktime_slice.c ****     __disable_irq();
 726              		.loc 1 7 5 view .LVU219
 727              	.LBB92:
 728              	.LBI92:
1204:Drivers/CMSIS/Include/cmsis_gcc.h **** {
 729              		.loc 2 1204 31 view .LVU220
 730              	.LBB93:
1206:Drivers/CMSIS/Include/cmsis_gcc.h **** 
 731              		.loc 2 1206 3 view .LVU221
1208:Drivers/CMSIS/Include/cmsis_gcc.h ****   return(result);
 732              		.loc 2 1208 3 view .LVU222
 733              		.syntax unified
 734              	@ 1208 "Drivers/CMSIS/Include/cmsis_gcc.h" 1
 735 0060 EFF31085 		MRS r5, primask
 736              	@ 0 "" 2
 737              	.LVL47:
1209:Drivers/CMSIS/Include/cmsis_gcc.h **** }
 738              		.loc 2 1209 3 view .LVU223
1209:Drivers/CMSIS/Include/cmsis_gcc.h **** }
 739              		.loc 2 1209 3 is_stmt 0 view .LVU224
 740              		.thumb
 741              		.syntax unified
 742              	.LBE93:
 743              	.LBE92:
   8:KTimeSlice/ktime_slice.c ****     return primask;
 744              		.loc 1 8 5 is_stmt 1 view .LVU225
 745              	.LBB94:
 746              	.LBI94:
 960:Drivers/CMSIS/Include/cmsis_gcc.h **** {
 747              		.loc 2 960 27 view .LVU226
 748              	.LBB95:
 962:Drivers/CMSIS/Include/cmsis_gcc.h **** }
 749              		.loc 2 962 3 view .LVU227
 750              		.syntax unified
 751              	@ 962 "Drivers/CMSIS/Include/cmsis_gcc.h" 1
 752 0064 72B6     		cpsid i
 753              	@ 0 "" 2
 754              		.thumb
 755              		.syntax unified
 756              	.LBE95:
 757              	.LBE94:
   9:KTimeSlice/ktime_slice.c **** }
 758              		.loc 1 9 5 view .LVU228
 759              	.LVL48:
   9:KTimeSlice/ktime_slice.c **** }
 760              		.loc 1 9 5 is_stmt 0 view .LVU229
 761              	.LBE91:
 762              	.LBE90:
 162:KTimeSlice/ktime_slice.c **** 			{
 763              		.loc 1 162 4 is_stmt 1 view .LVU230
ARM GAS  C:\Users\Toubidou\AppData\Local\Temp\cc36igfg.s 			page 41


 162:KTimeSlice/ktime_slice.c **** 			{
 764              		.loc 1 162 21 is_stmt 0 view .LVU231
 765 0066 237D     		ldrb	r3, [r4, #20]	@ zero_extendqisi2
 162:KTimeSlice/ktime_slice.c **** 			{
 766              		.loc 1 162 6 view .LVU232
 767 0068 012B     		cmp	r3, #1
 768 006a D1D0     		beq	.L66
 187:KTimeSlice/ktime_slice.c **** 				temp_task_node->time = 0;            							
 769              		.loc 1 187 5 is_stmt 1 view .LVU233
 187:KTimeSlice/ktime_slice.c **** 				temp_task_node->time = 0;            							
 770              		.loc 1 187 32 is_stmt 0 view .LVU234
 771 006c 0223     		movs	r3, #2
 772 006e 2372     		strb	r3, [r4, #8]
 188:KTimeSlice/ktime_slice.c **** 			}			
 773              		.loc 1 188 5 is_stmt 1 view .LVU235
 188:KTimeSlice/ktime_slice.c **** 			}			
 774              		.loc 1 188 26 is_stmt 0 view .LVU236
 775 0070 0023     		movs	r3, #0
 776 0072 2360     		str	r3, [r4]
 777 0074 E7E7     		b	.L55
 778              	.LVL49:
 779              	.L65:
 193:KTimeSlice/ktime_slice.c **** 	}
 194:KTimeSlice/ktime_slice.c **** 
 195:KTimeSlice/ktime_slice.c **** 	critical_exit(primask);
 780              		.loc 1 195 2 is_stmt 1 view .LVU237
 781              	.LBB96:
 782              	.LBI96:
  11:KTimeSlice/ktime_slice.c **** {
 783              		.loc 1 11 20 view .LVU238
  13:KTimeSlice/ktime_slice.c **** }
 784              		.loc 1 13 5 view .LVU239
 785              	.LBB97:
 786              	.LBI97:
1234:Drivers/CMSIS/Include/cmsis_gcc.h **** {
 787              		.loc 2 1234 27 view .LVU240
 788              	.LBB98:
 789              		.loc 2 1236 3 view .LVU241
 790              		.syntax unified
 791              	@ 1236 "Drivers/CMSIS/Include/cmsis_gcc.h" 1
 792 0076 85F31088 		MSR primask, r5
 793              	@ 0 "" 2
 794              	.LVL50:
 795              		.loc 2 1236 3 is_stmt 0 view .LVU242
 796              		.thumb
 797              		.syntax unified
 798              	.LBE98:
 799              	.LBE97:
 800              	.LBE96:
 196:KTimeSlice/ktime_slice.c **** }
 801              		.loc 1 196 1 view .LVU243
 802 007a F8BD     		pop	{r3, r4, r5, r6, r7, pc}
 803              	.LVL51:
 804              	.L68:
 805              		.loc 1 196 1 view .LVU244
 806              		.align	2
 807              	.L67:
ARM GAS  C:\Users\Toubidou\AppData\Local\Temp\cc36igfg.s 			page 42


 808 007c 00000000 		.word	tq
 809              		.cfi_endproc
 810              	.LFE249:
 812              		.section	.text.ktask_del,"ax",%progbits
 813              		.align	1
 814              		.global	ktask_del
 815              		.syntax unified
 816              		.thumb
 817              		.thumb_func
 819              	ktask_del:
 820              	.LVL52:
 821              	.LFB250:
 197:KTimeSlice/ktime_slice.c **** 
 198:KTimeSlice/ktime_slice.c **** int ktask_del(KTaskNode *kn)
 199:KTimeSlice/ktime_slice.c **** {
 822              		.loc 1 199 1 is_stmt 1 view -0
 823              		.cfi_startproc
 824              		@ args = 0, pretend = 0, frame = 0
 825              		@ frame_needed = 0, uses_anonymous_args = 0
 826              		.loc 1 199 1 is_stmt 0 view .LVU246
 827 0000 0346     		mov	r3, r0
 200:KTimeSlice/ktime_slice.c **** 	KTaskNode *temp_task_node = tq.head;
 828              		.loc 1 200 2 is_stmt 1 view .LVU247
 829              		.loc 1 200 13 is_stmt 0 view .LVU248
 830 0002 1F4A     		ldr	r2, .L88
 831 0004 5068     		ldr	r0, [r2, #4]
 832              	.LVL53:
 201:KTimeSlice/ktime_slice.c **** 	KTaskNode *prev_task_node = NULL;
 833              		.loc 1 201 2 is_stmt 1 view .LVU249
 202:KTimeSlice/ktime_slice.c **** 
 203:KTimeSlice/ktime_slice.c **** 	if (tq.head == NULL || tq.task_num == 0)
 834              		.loc 1 203 2 view .LVU250
 835              		.loc 1 203 5 is_stmt 0 view .LVU251
 836 0006 0028     		cmp	r0, #0
 837 0008 34D0     		beq	.L78
 838              		.loc 1 203 27 discriminator 1 view .LVU252
 839 000a 1278     		ldrb	r2, [r2]	@ zero_extendqisi2
 840              		.loc 1 203 22 discriminator 1 view .LVU253
 841 000c 002A     		cmp	r2, #0
 842 000e 34D0     		beq	.L79
 199:KTimeSlice/ktime_slice.c **** 	KTaskNode *temp_task_node = tq.head;
 843              		.loc 1 199 1 view .LVU254
 844 0010 10B5     		push	{r4, lr}
 845              	.LCFI8:
 846              		.cfi_def_cfa_offset 8
 847              		.cfi_offset 4, -8
 848              		.cfi_offset 14, -4
 204:KTimeSlice/ktime_slice.c **** 	{
 205:KTimeSlice/ktime_slice.c **** 		return -1;
 206:KTimeSlice/ktime_slice.c **** 	}
 207:KTimeSlice/ktime_slice.c **** 	
 208:KTimeSlice/ktime_slice.c **** 	uint32_t primask = critical_enter();
 849              		.loc 1 208 2 is_stmt 1 view .LVU255
 850              	.LBB99:
 851              	.LBI99:
   5:KTimeSlice/ktime_slice.c **** {
 852              		.loc 1 5 24 view .LVU256
ARM GAS  C:\Users\Toubidou\AppData\Local\Temp\cc36igfg.s 			page 43


 853              	.LBB100:
   7:KTimeSlice/ktime_slice.c ****     __disable_irq();
 854              		.loc 1 7 5 view .LVU257
 855              	.LBB101:
 856              	.LBI101:
1204:Drivers/CMSIS/Include/cmsis_gcc.h **** {
 857              		.loc 2 1204 31 view .LVU258
 858              	.LBB102:
1206:Drivers/CMSIS/Include/cmsis_gcc.h **** 
 859              		.loc 2 1206 3 view .LVU259
1208:Drivers/CMSIS/Include/cmsis_gcc.h ****   return(result);
 860              		.loc 2 1208 3 view .LVU260
 861              		.syntax unified
 862              	@ 1208 "Drivers/CMSIS/Include/cmsis_gcc.h" 1
 863 0012 EFF31084 		MRS r4, primask
 864              	@ 0 "" 2
1209:Drivers/CMSIS/Include/cmsis_gcc.h **** }
 865              		.loc 2 1209 3 view .LVU261
 866              	.LVL54:
1209:Drivers/CMSIS/Include/cmsis_gcc.h **** }
 867              		.loc 2 1209 3 is_stmt 0 view .LVU262
 868              		.thumb
 869              		.syntax unified
 870              	.LBE102:
 871              	.LBE101:
   8:KTimeSlice/ktime_slice.c ****     return primask;
 872              		.loc 1 8 5 is_stmt 1 view .LVU263
 873              	.LBB103:
 874              	.LBI103:
 960:Drivers/CMSIS/Include/cmsis_gcc.h **** {
 875              		.loc 2 960 27 view .LVU264
 876              	.LBB104:
 962:Drivers/CMSIS/Include/cmsis_gcc.h **** }
 877              		.loc 2 962 3 view .LVU265
 878              		.syntax unified
 879              	@ 962 "Drivers/CMSIS/Include/cmsis_gcc.h" 1
 880 0016 72B6     		cpsid i
 881              	@ 0 "" 2
 882              		.thumb
 883              		.syntax unified
 884              	.LBE104:
 885              	.LBE103:
   9:KTimeSlice/ktime_slice.c **** }
 886              		.loc 1 9 5 view .LVU266
 887              	.LVL55:
   9:KTimeSlice/ktime_slice.c **** }
 888              		.loc 1 9 5 is_stmt 0 view .LVU267
 889              	.LBE100:
 890              	.LBE99:
 209:KTimeSlice/ktime_slice.c **** 
 210:KTimeSlice/ktime_slice.c **** 	while(temp_task_node != NULL)
 891              		.loc 1 210 2 is_stmt 1 view .LVU268
 201:KTimeSlice/ktime_slice.c **** 
 892              		.loc 1 201 13 is_stmt 0 view .LVU269
 893 0018 0022     		movs	r2, #0
 894              	.LVL56:
 895              	.L71:
ARM GAS  C:\Users\Toubidou\AppData\Local\Temp\cc36igfg.s 			page 44


 896              		.loc 1 210 23 is_stmt 1 view .LVU270
 897 001a 30B3     		cbz	r0, .L84
 211:KTimeSlice/ktime_slice.c **** 	{
 212:KTimeSlice/ktime_slice.c **** 		if(temp_task_node == kn)   
 898              		.loc 1 212 3 view .LVU271
 899              		.loc 1 212 5 is_stmt 0 view .LVU272
 900 001c 9842     		cmp	r0, r3
 901 001e 02D0     		beq	.L85
 213:KTimeSlice/ktime_slice.c **** 		{
 214:KTimeSlice/ktime_slice.c **** 			if ((prev_task_node == NULL) && (kn == tq.head))
 215:KTimeSlice/ktime_slice.c **** 			{
 216:KTimeSlice/ktime_slice.c **** 				tq.head = temp_task_node->next;
 217:KTimeSlice/ktime_slice.c **** 			}
 218:KTimeSlice/ktime_slice.c **** 			else
 219:KTimeSlice/ktime_slice.c **** 			{
 220:KTimeSlice/ktime_slice.c **** 				prev_task_node->next = temp_task_node->next;
 221:KTimeSlice/ktime_slice.c **** 			}
 222:KTimeSlice/ktime_slice.c **** 			if (temp_task_node == tq.rear)
 223:KTimeSlice/ktime_slice.c **** 			{
 224:KTimeSlice/ktime_slice.c **** 				tq.rear = prev_task_node;
 225:KTimeSlice/ktime_slice.c **** 			}
 226:KTimeSlice/ktime_slice.c **** 
 227:KTimeSlice/ktime_slice.c **** #if KTASK_USE_STATIC_ALLOC
 228:KTimeSlice/ktime_slice.c **** 			task_pool_free(temp_task_node);     /* 归还节点到静态池 */
 229:KTimeSlice/ktime_slice.c **** #else
 230:KTimeSlice/ktime_slice.c **** 			free(temp_task_node);               //删除节点
 231:KTimeSlice/ktime_slice.c **** #endif
 232:KTimeSlice/ktime_slice.c **** 			tq.task_num--;
 233:KTimeSlice/ktime_slice.c **** 
 234:KTimeSlice/ktime_slice.c **** 			if (tq.task_num == 0)
 235:KTimeSlice/ktime_slice.c **** 			{
 236:KTimeSlice/ktime_slice.c **** 				tq.head = NULL;
 237:KTimeSlice/ktime_slice.c ****                 tq.rear = NULL;
 238:KTimeSlice/ktime_slice.c **** 			}
 239:KTimeSlice/ktime_slice.c **** 			critical_exit(primask);
 240:KTimeSlice/ktime_slice.c **** 			return 0;
 241:KTimeSlice/ktime_slice.c **** 		}	
 242:KTimeSlice/ktime_slice.c **** 		prev_task_node = temp_task_node;
 902              		.loc 1 242 3 is_stmt 1 view .LVU273
 903              	.LVL57:
 243:KTimeSlice/ktime_slice.c **** 	  	temp_task_node = temp_task_node->next;      
 904              		.loc 1 243 5 view .LVU274
 242:KTimeSlice/ktime_slice.c **** 	  	temp_task_node = temp_task_node->next;      
 905              		.loc 1 242 18 is_stmt 0 view .LVU275
 906 0020 0246     		mov	r2, r0
 907              		.loc 1 243 20 view .LVU276
 908 0022 8069     		ldr	r0, [r0, #24]
 909              	.LVL58:
 910              		.loc 1 243 20 view .LVU277
 911 0024 F9E7     		b	.L71
 912              	.L85:
 214:KTimeSlice/ktime_slice.c **** 			{
 913              		.loc 1 214 4 is_stmt 1 view .LVU278
 214:KTimeSlice/ktime_slice.c **** 			{
 914              		.loc 1 214 7 is_stmt 0 view .LVU279
 915 0026 AAB1     		cbz	r2, .L86
 916              	.L73:
ARM GAS  C:\Users\Toubidou\AppData\Local\Temp\cc36igfg.s 			page 45


 220:KTimeSlice/ktime_slice.c **** 			}
 917              		.loc 1 220 5 is_stmt 1 view .LVU280
 220:KTimeSlice/ktime_slice.c **** 			}
 918              		.loc 1 220 42 is_stmt 0 view .LVU281
 919 0028 8369     		ldr	r3, [r0, #24]
 920              	.LVL59:
 220:KTimeSlice/ktime_slice.c **** 			}
 921              		.loc 1 220 26 view .LVU282
 922 002a 9361     		str	r3, [r2, #24]
 923              	.L74:
 222:KTimeSlice/ktime_slice.c **** 			{
 924              		.loc 1 222 4 is_stmt 1 view .LVU283
 222:KTimeSlice/ktime_slice.c **** 			{
 925              		.loc 1 222 28 is_stmt 0 view .LVU284
 926 002c 144B     		ldr	r3, .L88
 927 002e 9B68     		ldr	r3, [r3, #8]
 222:KTimeSlice/ktime_slice.c **** 			{
 928              		.loc 1 222 7 view .LVU285
 929 0030 8342     		cmp	r3, r0
 930 0032 17D0     		beq	.L87
 931              	.L75:
 228:KTimeSlice/ktime_slice.c **** #else
 932              		.loc 1 228 4 is_stmt 1 view .LVU286
 933 0034 FFF7FEFF 		bl	task_pool_free
 934              	.LVL60:
 232:KTimeSlice/ktime_slice.c **** 
 935              		.loc 1 232 4 view .LVU287
 232:KTimeSlice/ktime_slice.c **** 
 936              		.loc 1 232 6 is_stmt 0 view .LVU288
 937 0038 114A     		ldr	r2, .L88
 938 003a 1378     		ldrb	r3, [r2]	@ zero_extendqisi2
 232:KTimeSlice/ktime_slice.c **** 
 939              		.loc 1 232 15 view .LVU289
 940 003c 013B     		subs	r3, r3, #1
 941 003e DBB2     		uxtb	r3, r3
 942 0040 1370     		strb	r3, [r2]
 234:KTimeSlice/ktime_slice.c **** 			{
 943              		.loc 1 234 4 is_stmt 1 view .LVU290
 234:KTimeSlice/ktime_slice.c **** 			{
 944              		.loc 1 234 7 is_stmt 0 view .LVU291
 945 0042 1BB9     		cbnz	r3, .L76
 236:KTimeSlice/ktime_slice.c ****                 tq.rear = NULL;
 946              		.loc 1 236 5 is_stmt 1 view .LVU292
 236:KTimeSlice/ktime_slice.c ****                 tq.rear = NULL;
 947              		.loc 1 236 13 is_stmt 0 view .LVU293
 948 0044 1346     		mov	r3, r2
 949 0046 0022     		movs	r2, #0
 950 0048 5A60     		str	r2, [r3, #4]
 237:KTimeSlice/ktime_slice.c **** 			}
 951              		.loc 1 237 17 is_stmt 1 view .LVU294
 237:KTimeSlice/ktime_slice.c **** 			}
 952              		.loc 1 237 25 is_stmt 0 view .LVU295
 953 004a 9A60     		str	r2, [r3, #8]
 954              	.L76:
 239:KTimeSlice/ktime_slice.c **** 			return 0;
 955              		.loc 1 239 4 is_stmt 1 view .LVU296
 956              	.LVL61:
ARM GAS  C:\Users\Toubidou\AppData\Local\Temp\cc36igfg.s 			page 46


 957              	.LBB105:
 958              	.LBI105:
  11:KTimeSlice/ktime_slice.c **** {
 959              		.loc 1 11 20 view .LVU297
  13:KTimeSlice/ktime_slice.c **** }
 960              		.loc 1 13 5 view .LVU298
 961              	.LBB106:
 962              	.LBI106:
1234:Drivers/CMSIS/Include/cmsis_gcc.h **** {
 963              		.loc 2 1234 27 view .LVU299
 964              	.LBB107:
 965              		.loc 2 1236 3 view .LVU300
 966              		.syntax unified
 967              	@ 1236 "Drivers/CMSIS/Include/cmsis_gcc.h" 1
 968 004c 84F31088 		MSR primask, r4
 969              	@ 0 "" 2
 970              	.LVL62:
 971              		.loc 2 1236 3 is_stmt 0 view .LVU301
 972              		.thumb
 973              		.syntax unified
 974              	.LBE107:
 975              	.LBE106:
 976              	.LBE105:
 240:KTimeSlice/ktime_slice.c **** 		}	
 977              		.loc 1 240 4 is_stmt 1 view .LVU302
 240:KTimeSlice/ktime_slice.c **** 		}	
 978              		.loc 1 240 11 is_stmt 0 view .LVU303
 979 0050 0020     		movs	r0, #0
 980 0052 0EE0     		b	.L69
 981              	.LVL63:
 982              	.L86:
 214:KTimeSlice/ktime_slice.c **** 			{
 983              		.loc 1 214 45 discriminator 1 view .LVU304
 984 0054 0A49     		ldr	r1, .L88
 985 0056 4968     		ldr	r1, [r1, #4]
 214:KTimeSlice/ktime_slice.c **** 			{
 986              		.loc 1 214 33 discriminator 1 view .LVU305
 987 0058 9942     		cmp	r1, r3
 988 005a E5D1     		bne	.L73
 216:KTimeSlice/ktime_slice.c **** 			}
 989              		.loc 1 216 5 is_stmt 1 view .LVU306
 216:KTimeSlice/ktime_slice.c **** 			}
 990              		.loc 1 216 29 is_stmt 0 view .LVU307
 991 005c 8169     		ldr	r1, [r0, #24]
 216:KTimeSlice/ktime_slice.c **** 			}
 992              		.loc 1 216 13 view .LVU308
 993 005e 084B     		ldr	r3, .L88
 994              	.LVL64:
 216:KTimeSlice/ktime_slice.c **** 			}
 995              		.loc 1 216 13 view .LVU309
 996 0060 5960     		str	r1, [r3, #4]
 997 0062 E3E7     		b	.L74
 998              	.L87:
 224:KTimeSlice/ktime_slice.c **** 			}
 999              		.loc 1 224 5 is_stmt 1 view .LVU310
 224:KTimeSlice/ktime_slice.c **** 			}
 1000              		.loc 1 224 13 is_stmt 0 view .LVU311
ARM GAS  C:\Users\Toubidou\AppData\Local\Temp\cc36igfg.s 			page 47


 1001 0064 064B     		ldr	r3, .L88
 1002 0066 9A60     		str	r2, [r3, #8]
 1003 0068 E4E7     		b	.L75
 1004              	.LVL65:
 1005              	.L84:
 244:KTimeSlice/ktime_slice.c **** 	}
 245:KTimeSlice/ktime_slice.c **** 	critical_exit(primask);
 1006              		.loc 1 245 2 is_stmt 1 view .LVU312
 1007              	.LBB108:
 1008              	.LBI108:
  11:KTimeSlice/ktime_slice.c **** {
 1009              		.loc 1 11 20 view .LVU313
  13:KTimeSlice/ktime_slice.c **** }
 1010              		.loc 1 13 5 view .LVU314
 1011              	.LBB109:
 1012              	.LBI109:
1234:Drivers/CMSIS/Include/cmsis_gcc.h **** {
 1013              		.loc 2 1234 27 view .LVU315
 1014              	.LBB110:
 1015              		.loc 2 1236 3 view .LVU316
 1016              		.syntax unified
 1017              	@ 1236 "Drivers/CMSIS/Include/cmsis_gcc.h" 1
 1018 006a 84F31088 		MSR primask, r4
 1019              	@ 0 "" 2
 1020              	.LVL66:
 1021              		.loc 2 1236 3 is_stmt 0 view .LVU317
 1022              		.thumb
 1023              		.syntax unified
 1024              	.LBE110:
 1025              	.LBE109:
 1026              	.LBE108:
 246:KTimeSlice/ktime_slice.c **** 	return -1;
 1027              		.loc 1 246 2 is_stmt 1 view .LVU318
 1028              		.loc 1 246 9 is_stmt 0 view .LVU319
 1029 006e 4FF0FF30 		mov	r0, #-1
 1030              	.LVL67:
 1031              	.L69:
 247:KTimeSlice/ktime_slice.c **** }
 1032              		.loc 1 247 1 view .LVU320
 1033 0072 10BD     		pop	{r4, pc}
 1034              	.LVL68:
 1035              	.L78:
 1036              	.LCFI9:
 1037              		.cfi_def_cfa_offset 0
 1038              		.cfi_restore 4
 1039              		.cfi_restore 14
 205:KTimeSlice/ktime_slice.c **** 	}
 1040              		.loc 1 205 10 view .LVU321
 1041 0074 4FF0FF30 		mov	r0, #-1
 1042              	.LVL69:
 205:KTimeSlice/ktime_slice.c **** 	}
 1043              		.loc 1 205 10 view .LVU322
 1044 0078 7047     		bx	lr
 1045              	.LVL70:
 1046              	.L79:
 205:KTimeSlice/ktime_slice.c **** 	}
 1047              		.loc 1 205 10 view .LVU323
ARM GAS  C:\Users\Toubidou\AppData\Local\Temp\cc36igfg.s 			page 48


 1048 007a 4FF0FF30 		mov	r0, #-1
 1049              	.LVL71:
 1050              		.loc 1 247 1 view .LVU324
 1051 007e 7047     		bx	lr
 1052              	.L89:
 1053              		.align	2
 1054              	.L88:
 1055 0080 00000000 		.word	tq
 1056              		.cfi_endproc
 1057              	.LFE250:
 1059              		.section	.text.ktask_get_duration,"ax",%progbits
 1060              		.align	1
 1061              		.global	ktask_get_duration
 1062              		.syntax unified
 1063              		.thumb
 1064              		.thumb_func
 1066              	ktask_get_duration:
 1067              	.LVL72:
 1068              	.LFB251:
 248:KTimeSlice/ktime_slice.c **** 
 249:KTimeSlice/ktime_slice.c **** uint32_t ktask_get_duration(KTaskNode *ktn)
 250:KTimeSlice/ktime_slice.c **** {
 1069              		.loc 1 250 1 is_stmt 1 view -0
 1070              		.cfi_startproc
 1071              		@ args = 0, pretend = 0, frame = 0
 1072              		@ frame_needed = 0, uses_anonymous_args = 0
 1073              		@ link register save eliminated.
 251:KTimeSlice/ktime_slice.c **** 	return ktn->duration;
 1074              		.loc 1 251 2 view .LVU326
 252:KTimeSlice/ktime_slice.c **** }
 1075              		.loc 1 252 1 is_stmt 0 view .LVU327
 1076 0000 C069     		ldr	r0, [r0, #28]
 1077              	.LVL73:
 1078              		.loc 1 252 1 view .LVU328
 1079 0002 7047     		bx	lr
 1080              		.cfi_endproc
 1081              	.LFE251:
 1083              		.section	.text.ktask_clear_duration,"ax",%progbits
 1084              		.align	1
 1085              		.global	ktask_clear_duration
 1086              		.syntax unified
 1087              		.thumb
 1088              		.thumb_func
 1090              	ktask_clear_duration:
 1091              	.LVL74:
 1092              	.LFB252:
 253:KTimeSlice/ktime_slice.c **** 
 254:KTimeSlice/ktime_slice.c **** void ktask_clear_duration(KTaskNode *ktn)
 255:KTimeSlice/ktime_slice.c **** {
 1093              		.loc 1 255 1 is_stmt 1 view -0
 1094              		.cfi_startproc
 1095              		@ args = 0, pretend = 0, frame = 0
 1096              		@ frame_needed = 0, uses_anonymous_args = 0
 1097              		@ link register save eliminated.
 256:KTimeSlice/ktime_slice.c **** 	ktn->duration = 0;
 1098              		.loc 1 256 2 view .LVU330
 1099              		.loc 1 256 16 is_stmt 0 view .LVU331
ARM GAS  C:\Users\Toubidou\AppData\Local\Temp\cc36igfg.s 			page 49


 1100 0000 0023     		movs	r3, #0
 1101 0002 C361     		str	r3, [r0, #28]
 257:KTimeSlice/ktime_slice.c **** }
 1102              		.loc 1 257 1 view .LVU332
 1103 0004 7047     		bx	lr
 1104              		.cfi_endproc
 1105              	.LFE252:
 1107              		.section	.text.ktask_start,"ax",%progbits
 1108              		.align	1
 1109              		.global	ktask_start
 1110              		.syntax unified
 1111              		.thumb
 1112              		.thumb_func
 1114              	ktask_start:
 1115              	.LVL75:
 1116              	.LFB254:
 258:KTimeSlice/ktime_slice.c **** 
 259:KTimeSlice/ktime_slice.c **** void ktask_init(void)
 260:KTimeSlice/ktime_slice.c **** {
 261:KTimeSlice/ktime_slice.c **** #if	(USE_BUTTON)
 262:KTimeSlice/ktime_slice.c **** 	KTaskNode *btn = ktask_create(button_scan, NULL, 10, 0);
 263:KTimeSlice/ktime_slice.c **** 	if (btn) ktask_start(btn);
 264:KTimeSlice/ktime_slice.c **** #endif
 265:KTimeSlice/ktime_slice.c **** #if (USE_ENCODER || USE_BUTTON)
 266:KTimeSlice/ktime_slice.c **** 	KTaskNode *asy_e = ktask_create(asy_evt_task_process, NULL, 5, 0);
 267:KTimeSlice/ktime_slice.c **** 	if (asy_e) ktask_start(asy_e);
 268:KTimeSlice/ktime_slice.c **** #endif
 269:KTimeSlice/ktime_slice.c **** }
 270:KTimeSlice/ktime_slice.c **** 
 271:KTimeSlice/ktime_slice.c **** void ktask_start(KTaskNode *ktn)
 272:KTimeSlice/ktime_slice.c **** {
 1117              		.loc 1 272 1 is_stmt 1 view -0
 1118              		.cfi_startproc
 1119              		@ args = 0, pretend = 0, frame = 0
 1120              		@ frame_needed = 0, uses_anonymous_args = 0
 1121              		@ link register save eliminated.
 273:KTimeSlice/ktime_slice.c **** 	uint32_t primask = critical_enter();
 1122              		.loc 1 273 2 view .LVU334
 1123              	.LBB111:
 1124              	.LBI111:
   5:KTimeSlice/ktime_slice.c **** {
 1125              		.loc 1 5 24 view .LVU335
 1126              	.LBB112:
   7:KTimeSlice/ktime_slice.c ****     __disable_irq();
 1127              		.loc 1 7 5 view .LVU336
 1128              	.LBB113:
 1129              	.LBI113:
1204:Drivers/CMSIS/Include/cmsis_gcc.h **** {
 1130              		.loc 2 1204 31 view .LVU337
 1131              	.LBB114:
1206:Drivers/CMSIS/Include/cmsis_gcc.h **** 
 1132              		.loc 2 1206 3 view .LVU338
1208:Drivers/CMSIS/Include/cmsis_gcc.h ****   return(result);
 1133              		.loc 2 1208 3 view .LVU339
 1134              		.syntax unified
 1135              	@ 1208 "Drivers/CMSIS/Include/cmsis_gcc.h" 1
 1136 0000 EFF31083 		MRS r3, primask
ARM GAS  C:\Users\Toubidou\AppData\Local\Temp\cc36igfg.s 			page 50


 1137              	@ 0 "" 2
1209:Drivers/CMSIS/Include/cmsis_gcc.h **** }
 1138              		.loc 2 1209 3 view .LVU340
 1139              	.LVL76:
1209:Drivers/CMSIS/Include/cmsis_gcc.h **** }
 1140              		.loc 2 1209 3 is_stmt 0 view .LVU341
 1141              		.thumb
 1142              		.syntax unified
 1143              	.LBE114:
 1144              	.LBE113:
   8:KTimeSlice/ktime_slice.c ****     return primask;
 1145              		.loc 1 8 5 is_stmt 1 view .LVU342
 1146              	.LBB115:
 1147              	.LBI115:
 960:Drivers/CMSIS/Include/cmsis_gcc.h **** {
 1148              		.loc 2 960 27 view .LVU343
 1149              	.LBB116:
 962:Drivers/CMSIS/Include/cmsis_gcc.h **** }
 1150              		.loc 2 962 3 view .LVU344
 1151              		.syntax unified
 1152              	@ 962 "Drivers/CMSIS/Include/cmsis_gcc.h" 1
 1153 0004 72B6     		cpsid i
 1154              	@ 0 "" 2
 1155              		.thumb
 1156              		.syntax unified
 1157              	.LBE116:
 1158              	.LBE115:
   9:KTimeSlice/ktime_slice.c **** }
 1159              		.loc 1 9 5 view .LVU345
 1160              	.LVL77:
   9:KTimeSlice/ktime_slice.c **** }
 1161              		.loc 1 9 5 is_stmt 0 view .LVU346
 1162              	.LBE112:
 1163              	.LBE111:
 274:KTimeSlice/ktime_slice.c **** 	ktn->task_state = WAIT;
 1164              		.loc 1 274 2 is_stmt 1 view .LVU347
 1165              		.loc 1 274 18 is_stmt 0 view .LVU348
 1166 0006 0222     		movs	r2, #2
 1167 0008 0272     		strb	r2, [r0, #8]
 275:KTimeSlice/ktime_slice.c **** 	critical_exit(primask);
 1168              		.loc 1 275 2 is_stmt 1 view .LVU349
 1169              	.LVL78:
 1170              	.LBB117:
 1171              	.LBI117:
  11:KTimeSlice/ktime_slice.c **** {
 1172              		.loc 1 11 20 view .LVU350
  13:KTimeSlice/ktime_slice.c **** }
 1173              		.loc 1 13 5 view .LVU351
 1174              	.LBB118:
 1175              	.LBI118:
1234:Drivers/CMSIS/Include/cmsis_gcc.h **** {
 1176              		.loc 2 1234 27 view .LVU352
 1177              	.LBB119:
 1178              		.loc 2 1236 3 view .LVU353
 1179              		.syntax unified
 1180              	@ 1236 "Drivers/CMSIS/Include/cmsis_gcc.h" 1
 1181 000a 83F31088 		MSR primask, r3
ARM GAS  C:\Users\Toubidou\AppData\Local\Temp\cc36igfg.s 			page 51


 1182              	@ 0 "" 2
 1183              	.LVL79:
 1184              		.loc 2 1236 3 is_stmt 0 view .LVU354
 1185              		.thumb
 1186              		.syntax unified
 1187              	.LBE119:
 1188              	.LBE118:
 1189              	.LBE117:
 276:KTimeSlice/ktime_slice.c **** }
 1190              		.loc 1 276 1 view .LVU355
 1191 000e 7047     		bx	lr
 1192              		.cfi_endproc
 1193              	.LFE254:
 1195              		.section	.text.ktask_init,"ax",%progbits
 1196              		.align	1
 1197              		.global	ktask_init
 1198              		.syntax unified
 1199              		.thumb
 1200              		.thumb_func
 1202              	ktask_init:
 1203              	.LFB253:
 260:KTimeSlice/ktime_slice.c **** #if	(USE_BUTTON)
 1204              		.loc 1 260 1 is_stmt 1 view -0
 1205              		.cfi_startproc
 1206              		@ args = 0, pretend = 0, frame = 0
 1207              		@ frame_needed = 0, uses_anonymous_args = 0
 1208 0000 08B5     		push	{r3, lr}
 1209              	.LCFI10:
 1210              		.cfi_def_cfa_offset 8
 1211              		.cfi_offset 3, -8
 1212              		.cfi_offset 14, -4
 262:KTimeSlice/ktime_slice.c **** 	if (btn) ktask_start(btn);
 1213              		.loc 1 262 2 view .LVU357
 262:KTimeSlice/ktime_slice.c **** 	if (btn) ktask_start(btn);
 1214              		.loc 1 262 19 is_stmt 0 view .LVU358
 1215 0002 0023     		movs	r3, #0
 1216 0004 0A22     		movs	r2, #10
 1217 0006 1946     		mov	r1, r3
 1218 0008 0748     		ldr	r0, .L97
 1219 000a FFF7FEFF 		bl	ktask_create
 1220              	.LVL80:
 263:KTimeSlice/ktime_slice.c **** #endif
 1221              		.loc 1 263 2 is_stmt 1 view .LVU359
 263:KTimeSlice/ktime_slice.c **** #endif
 1222              		.loc 1 263 5 is_stmt 0 view .LVU360
 1223 000e 08B1     		cbz	r0, .L94
 263:KTimeSlice/ktime_slice.c **** #endif
 1224              		.loc 1 263 11 is_stmt 1 discriminator 1 view .LVU361
 1225 0010 FFF7FEFF 		bl	ktask_start
 1226              	.LVL81:
 1227              	.L94:
 266:KTimeSlice/ktime_slice.c **** 	if (asy_e) ktask_start(asy_e);
 1228              		.loc 1 266 2 view .LVU362
 266:KTimeSlice/ktime_slice.c **** 	if (asy_e) ktask_start(asy_e);
 1229              		.loc 1 266 21 is_stmt 0 view .LVU363
 1230 0014 0023     		movs	r3, #0
 1231 0016 0522     		movs	r2, #5
ARM GAS  C:\Users\Toubidou\AppData\Local\Temp\cc36igfg.s 			page 52


 1232 0018 1946     		mov	r1, r3
 1233 001a 0448     		ldr	r0, .L97+4
 1234 001c FFF7FEFF 		bl	ktask_create
 1235              	.LVL82:
 267:KTimeSlice/ktime_slice.c **** #endif
 1236              		.loc 1 267 2 is_stmt 1 view .LVU364
 267:KTimeSlice/ktime_slice.c **** #endif
 1237              		.loc 1 267 5 is_stmt 0 view .LVU365
 1238 0020 08B1     		cbz	r0, .L93
 267:KTimeSlice/ktime_slice.c **** #endif
 1239              		.loc 1 267 13 is_stmt 1 discriminator 1 view .LVU366
 1240 0022 FFF7FEFF 		bl	ktask_start
 1241              	.LVL83:
 1242              	.L93:
 269:KTimeSlice/ktime_slice.c **** 
 1243              		.loc 1 269 1 is_stmt 0 view .LVU367
 1244 0026 08BD     		pop	{r3, pc}
 1245              	.L98:
 1246              		.align	2
 1247              	.L97:
 1248 0028 00000000 		.word	button_scan
 1249 002c 00000000 		.word	asy_evt_task_process
 1250              		.cfi_endproc
 1251              	.LFE253:
 1253              		.section	.text.ktask_sleep,"ax",%progbits
 1254              		.align	1
 1255              		.global	ktask_sleep
 1256              		.syntax unified
 1257              		.thumb
 1258              		.thumb_func
 1260              	ktask_sleep:
 1261              	.LVL84:
 1262              	.LFB255:
 277:KTimeSlice/ktime_slice.c **** void ktask_sleep(KTaskNode *ktn)
 278:KTimeSlice/ktime_slice.c **** {
 1263              		.loc 1 278 1 is_stmt 1 view -0
 1264              		.cfi_startproc
 1265              		@ args = 0, pretend = 0, frame = 0
 1266              		@ frame_needed = 0, uses_anonymous_args = 0
 1267              		@ link register save eliminated.
 279:KTimeSlice/ktime_slice.c **** 	uint32_t primask = critical_enter();
 1268              		.loc 1 279 2 view .LVU369
 1269              	.LBB120:
 1270              	.LBI120:
   5:KTimeSlice/ktime_slice.c **** {
 1271              		.loc 1 5 24 view .LVU370
 1272              	.LBB121:
   7:KTimeSlice/ktime_slice.c ****     __disable_irq();
 1273              		.loc 1 7 5 view .LVU371
 1274              	.LBB122:
 1275              	.LBI122:
1204:Drivers/CMSIS/Include/cmsis_gcc.h **** {
 1276              		.loc 2 1204 31 view .LVU372
 1277              	.LBB123:
1206:Drivers/CMSIS/Include/cmsis_gcc.h **** 
 1278              		.loc 2 1206 3 view .LVU373
1208:Drivers/CMSIS/Include/cmsis_gcc.h ****   return(result);
ARM GAS  C:\Users\Toubidou\AppData\Local\Temp\cc36igfg.s 			page 53


 1279              		.loc 2 1208 3 view .LVU374
 1280              		.syntax unified
 1281              	@ 1208 "Drivers/CMSIS/Include/cmsis_gcc.h" 1
 1282 0000 EFF31082 		MRS r2, primask
 1283              	@ 0 "" 2
1209:Drivers/CMSIS/Include/cmsis_gcc.h **** }
 1284              		.loc 2 1209 3 view .LVU375
 1285              	.LVL85:
1209:Drivers/CMSIS/Include/cmsis_gcc.h **** }
 1286              		.loc 2 1209 3 is_stmt 0 view .LVU376
 1287              		.thumb
 1288              		.syntax unified
 1289              	.LBE123:
 1290              	.LBE122:
   8:KTimeSlice/ktime_slice.c ****     return primask;
 1291              		.loc 1 8 5 is_stmt 1 view .LVU377
 1292              	.LBB124:
 1293              	.LBI124:
 960:Drivers/CMSIS/Include/cmsis_gcc.h **** {
 1294              		.loc 2 960 27 view .LVU378
 1295              	.LBB125:
 962:Drivers/CMSIS/Include/cmsis_gcc.h **** }
 1296              		.loc 2 962 3 view .LVU379
 1297              		.syntax unified
 1298              	@ 962 "Drivers/CMSIS/Include/cmsis_gcc.h" 1
 1299 0004 72B6     		cpsid i
 1300              	@ 0 "" 2
 1301              		.thumb
 1302              		.syntax unified
 1303              	.LBE125:
 1304              	.LBE124:
   9:KTimeSlice/ktime_slice.c **** }
 1305              		.loc 1 9 5 view .LVU380
 1306              	.LVL86:
   9:KTimeSlice/ktime_slice.c **** }
 1307              		.loc 1 9 5 is_stmt 0 view .LVU381
 1308              	.LBE121:
 1309              	.LBE120:
 280:KTimeSlice/ktime_slice.c **** 	ktn->task_state = SLEEP;
 1310              		.loc 1 280 2 is_stmt 1 view .LVU382
 1311              		.loc 1 280 18 is_stmt 0 view .LVU383
 1312 0006 0323     		movs	r3, #3
 1313 0008 0372     		strb	r3, [r0, #8]
 281:KTimeSlice/ktime_slice.c **** 	ktn->duration = 0;
 1314              		.loc 1 281 2 is_stmt 1 view .LVU384
 1315              		.loc 1 281 16 is_stmt 0 view .LVU385
 1316 000a 0023     		movs	r3, #0
 1317 000c C361     		str	r3, [r0, #28]
 282:KTimeSlice/ktime_slice.c **** 	ktn->time = 0;
 1318              		.loc 1 282 2 is_stmt 1 view .LVU386
 1319              		.loc 1 282 12 is_stmt 0 view .LVU387
 1320 000e 0360     		str	r3, [r0]
 283:KTimeSlice/ktime_slice.c **** 	critical_exit(primask);
 1321              		.loc 1 283 2 is_stmt 1 view .LVU388
 1322              	.LVL87:
 1323              	.LBB126:
 1324              	.LBI126:
ARM GAS  C:\Users\Toubidou\AppData\Local\Temp\cc36igfg.s 			page 54


  11:KTimeSlice/ktime_slice.c **** {
 1325              		.loc 1 11 20 view .LVU389
  13:KTimeSlice/ktime_slice.c **** }
 1326              		.loc 1 13 5 view .LVU390
 1327              	.LBB127:
 1328              	.LBI127:
1234:Drivers/CMSIS/Include/cmsis_gcc.h **** {
 1329              		.loc 2 1234 27 view .LVU391
 1330              	.LBB128:
 1331              		.loc 2 1236 3 view .LVU392
 1332              		.syntax unified
 1333              	@ 1236 "Drivers/CMSIS/Include/cmsis_gcc.h" 1
 1334 0010 82F31088 		MSR primask, r2
 1335              	@ 0 "" 2
 1336              	.LVL88:
 1337              		.loc 2 1236 3 is_stmt 0 view .LVU393
 1338              		.thumb
 1339              		.syntax unified
 1340              	.LBE128:
 1341              	.LBE127:
 1342              	.LBE126:
 284:KTimeSlice/ktime_slice.c **** }...
 1343              		.loc 1 284 1 view .LVU394
 1344 0014 7047     		bx	lr
 1345              		.cfi_endproc
 1346              	.LFE255:
 1348              		.section	.bss.pool_initialized,"aw",%nobits
 1351              	pool_initialized:
 1352 0000 00       		.space	1
 1353              		.section	.bss.task_free_list,"aw",%nobits
 1354              		.align	2
 1357              	task_free_list:
 1358 0000 00000000 		.space	4
 1359              		.section	.bss.task_pool,"aw",%nobits
 1360              		.align	2
 1363              	task_pool:
 1364 0000 00000000 		.space	4096
 1364      00000000 
 1364      00000000 
 1364      00000000 
 1364      00000000 
 1365              		.section	.bss.tq,"aw",%nobits
 1366              		.align	2
 1369              	tq:
 1370 0000 00000000 		.space	12
 1370      00000000 
 1370      00000000 
 1371              		.text
 1372              	.Letext0:
 1373              		.file 3 "D:/code_env/arm-gnu-toolchain-15.2.rel1-mingw-w64-i686-arm-none-eabi/arm-none-eabi/includ
 1374              		.file 4 "D:/code_env/arm-gnu-toolchain-15.2.rel1-mingw-w64-i686-arm-none-eabi/arm-none-eabi/includ
 1375              		.file 5 "KTimeSlice/ktime_slice.h"
 1376              		.file 6 "KTimeSlice/async_event.h"
 1377              		.file 7 "KTimeSlice/button.h"
ARM GAS  C:\Users\Toubidou\AppData\Local\Temp\cc36igfg.s 			page 55


DEFINED SYMBOLS
                            *ABS*:00000000 ktime_slice.c
C:\Users\Toubidou\AppData\Local\Temp\cc36igfg.s:21     .text.task_pool_init:00000000 $t
C:\Users\Toubidou\AppData\Local\Temp\cc36igfg.s:26     .text.task_pool_init:00000000 task_pool_init
C:\Users\Toubidou\AppData\Local\Temp\cc36igfg.s:85     .text.task_pool_init:00000034 $d
C:\Users\Toubidou\AppData\Local\Temp\cc36igfg.s:1351   .bss.pool_initialized:00000000 pool_initialized
C:\Users\Toubidou\AppData\Local\Temp\cc36igfg.s:1363   .bss.task_pool:00000000 task_pool
C:\Users\Toubidou\AppData\Local\Temp\cc36igfg.s:1357   .bss.task_free_list:00000000 task_free_list
C:\Users\Toubidou\AppData\Local\Temp\cc36igfg.s:92     .text.task_pool_alloc:00000000 $t
C:\Users\Toubidou\AppData\Local\Temp\cc36igfg.s:97     .text.task_pool_alloc:00000000 task_pool_alloc
C:\Users\Toubidou\AppData\Local\Temp\cc36igfg.s:141    .text.task_pool_alloc:0000001c $d
C:\Users\Toubidou\AppData\Local\Temp\cc36igfg.s:147    .text.task_pool_free:00000000 $t
C:\Users\Toubidou\AppData\Local\Temp\cc36igfg.s:152    .text.task_pool_free:00000000 task_pool_free
C:\Users\Toubidou\AppData\Local\Temp\cc36igfg.s:177    .text.task_pool_free:0000000c $d
C:\Users\Toubidou\AppData\Local\Temp\cc36igfg.s:182    .text.ktask_inctick:00000000 $t
C:\Users\Toubidou\AppData\Local\Temp\cc36igfg.s:188    .text.ktask_inctick:00000000 ktask_inctick
C:\Users\Toubidou\AppData\Local\Temp\cc36igfg.s:328    .text.ktask_inctick:0000006c $d
C:\Users\Toubidou\AppData\Local\Temp\cc36igfg.s:1369   .bss.tq:00000000 tq
C:\Users\Toubidou\AppData\Local\Temp\cc36igfg.s:333    .text.ktask_create:00000000 $t
C:\Users\Toubidou\AppData\Local\Temp\cc36igfg.s:339    .text.ktask_create:00000000 ktask_create
C:\Users\Toubidou\AppData\Local\Temp\cc36igfg.s:530    .text.ktask_create:00000064 $d
C:\Users\Toubidou\AppData\Local\Temp\cc36igfg.s:535    .text.ktask_run:00000000 $t
C:\Users\Toubidou\AppData\Local\Temp\cc36igfg.s:541    .text.ktask_run:00000000 ktask_run
C:\Users\Toubidou\AppData\Local\Temp\cc36igfg.s:808    .text.ktask_run:0000007c $d
C:\Users\Toubidou\AppData\Local\Temp\cc36igfg.s:813    .text.ktask_del:00000000 $t
C:\Users\Toubidou\AppData\Local\Temp\cc36igfg.s:819    .text.ktask_del:00000000 ktask_del
C:\Users\Toubidou\AppData\Local\Temp\cc36igfg.s:1055   .text.ktask_del:00000080 $d
C:\Users\Toubidou\AppData\Local\Temp\cc36igfg.s:1060   .text.ktask_get_duration:00000000 $t
C:\Users\Toubidou\AppData\Local\Temp\cc36igfg.s:1066   .text.ktask_get_duration:00000000 ktask_get_duration
C:\Users\Toubidou\AppData\Local\Temp\cc36igfg.s:1084   .text.ktask_clear_duration:00000000 $t
C:\Users\Toubidou\AppData\Local\Temp\cc36igfg.s:1090   .text.ktask_clear_duration:00000000 ktask_clear_duration
C:\Users\Toubidou\AppData\Local\Temp\cc36igfg.s:1108   .text.ktask_start:00000000 $t
C:\Users\Toubidou\AppData\Local\Temp\cc36igfg.s:1114   .text.ktask_start:00000000 ktask_start
C:\Users\Toubidou\AppData\Local\Temp\cc36igfg.s:1196   .text.ktask_init:00000000 $t
C:\Users\Toubidou\AppData\Local\Temp\cc36igfg.s:1202   .text.ktask_init:00000000 ktask_init
C:\Users\Toubidou\AppData\Local\Temp\cc36igfg.s:1248   .text.ktask_init:00000028 $d
C:\Users\Toubidou\AppData\Local\Temp\cc36igfg.s:1254   .text.ktask_sleep:00000000 $t
C:\Users\Toubidou\AppData\Local\Temp\cc36igfg.s:1260   .text.ktask_sleep:00000000 ktask_sleep
C:\Users\Toubidou\AppData\Local\Temp\cc36igfg.s:1352   .bss.pool_initialized:00000000 $d
C:\Users\Toubidou\AppData\Local\Temp\cc36igfg.s:1354   .bss.task_free_list:00000000 $d
C:\Users\Toubidou\AppData\Local\Temp\cc36igfg.s:1360   .bss.task_pool:00000000 $d
C:\Users\Toubidou\AppData\Local\Temp\cc36igfg.s:1366   .bss.tq:00000000 $d

UNDEFINED SYMBOLS
button_scan
asy_evt_task_process
