ARM GAS  C:\Users\Toubidou\AppData\Local\Temp\ccxzNCtJ.s 			page 1


   1              		.cpu cortex-m4
   2              		.arch armv7e-m
   3              		.fpu fpv4-sp-d16
   4              		.eabi_attribute 27, 1
   5              		.eabi_attribute 28, 1
   6              		.eabi_attribute 20, 1
   7              		.eabi_attribute 21, 1
   8              		.eabi_attribute 23, 3
   9              		.eabi_attribute 24, 1
  10              		.eabi_attribute 25, 1
  11              		.eabi_attribute 26, 1
  12              		.eabi_attribute 30, 1
  13              		.eabi_attribute 34, 1
  14              		.eabi_attribute 18, 4
  15              		.file	"main.c"
  16              		.text
  17              	.Ltext0:
  18              		.cfi_sections	.debug_frame
  19              		.file 1 "Core/Src/main.c"
  20              		.section	.text.uart_print,"ax",%progbits
  21              		.align	1
  22              		.global	uart_print
  23              		.syntax unified
  24              		.thumb
  25              		.thumb_func
  27              	uart_print:
  28              	.LVL0:
  29              	.LFB137:
   1:Core/Src/main.c **** /* USER CODE BEGIN Header */
   2:Core/Src/main.c **** /**
   3:Core/Src/main.c ****  ******************************************************************************
   4:Core/Src/main.c ****  * @file           : main.c
   5:Core/Src/main.c ****  * @brief          : Main program body
   6:Core/Src/main.c ****  ******************************************************************************
   7:Core/Src/main.c ****  * @attention
   8:Core/Src/main.c ****  *
   9:Core/Src/main.c ****  * Copyright (c) 2026 STMicroelectronics.
  10:Core/Src/main.c ****  * All rights reserved.
  11:Core/Src/main.c ****  *
  12:Core/Src/main.c ****  * This software is licensed under terms that can be found in the LICENSE file
  13:Core/Src/main.c ****  * in the root directory of this software component.
  14:Core/Src/main.c ****  * If no LICENSE file comes with this software, it is provided AS-IS.
  15:Core/Src/main.c ****  *
  16:Core/Src/main.c ****  ******************************************************************************
  17:Core/Src/main.c ****  */
  18:Core/Src/main.c **** /* USER CODE END Header */
  19:Core/Src/main.c **** /* Includes ------------------------------------------------------------------*/
  20:Core/Src/main.c **** #include "main.h"
  21:Core/Src/main.c **** #include "can.h"
  22:Core/Src/main.c **** #include "tim.h"
  23:Core/Src/main.c **** #include "usart.h"
  24:Core/Src/main.c **** #include "gpio.h"
  25:Core/Src/main.c **** 
  26:Core/Src/main.c **** /* Private includes ----------------------------------------------------------*/
  27:Core/Src/main.c **** /* USER CODE BEGIN Includes */
  28:Core/Src/main.c **** 
  29:Core/Src/main.c **** /* USER CODE END Includes */
ARM GAS  C:\Users\Toubidou\AppData\Local\Temp\ccxzNCtJ.s 			page 2


  30:Core/Src/main.c **** 
  31:Core/Src/main.c **** /* Private typedef -----------------------------------------------------------*/
  32:Core/Src/main.c **** /* USER CODE BEGIN PTD */
  33:Core/Src/main.c **** 
  34:Core/Src/main.c **** /* USER CODE END PTD */
  35:Core/Src/main.c **** 
  36:Core/Src/main.c **** /* Private define ------------------------------------------------------------*/
  37:Core/Src/main.c **** /* USER CODE BEGIN PD */
  38:Core/Src/main.c **** 
  39:Core/Src/main.c **** /* USER CODE END PD */
  40:Core/Src/main.c **** 
  41:Core/Src/main.c **** /* Private macro -------------------------------------------------------------*/
  42:Core/Src/main.c **** /* USER CODE BEGIN PM */
  43:Core/Src/main.c **** 
  44:Core/Src/main.c **** /* USER CODE END PM */
  45:Core/Src/main.c **** 
  46:Core/Src/main.c **** /* Private variables ---------------------------------------------------------*/
  47:Core/Src/main.c **** 
  48:Core/Src/main.c **** /* USER CODE BEGIN PV */
  49:Core/Src/main.c **** 
  50:Core/Src/main.c **** /* USER CODE END PV */
  51:Core/Src/main.c **** 
  52:Core/Src/main.c **** /* Private function prototypes -----------------------------------------------*/
  53:Core/Src/main.c **** void SystemClock_Config(void);
  54:Core/Src/main.c **** /* USER CODE BEGIN PFP */
  55:Core/Src/main.c **** 
  56:Core/Src/main.c **** /* USER CODE END PFP */
  57:Core/Src/main.c **** 
  58:Core/Src/main.c **** /* Private user code ---------------------------------------------------------*/
  59:Core/Src/main.c **** /* USER CODE BEGIN 0 */
  60:Core/Src/main.c **** #include <stdio.h>
  61:Core/Src/main.c **** #include <string.h>
  62:Core/Src/main.c **** 
  63:Core/Src/main.c **** CAN_TxHeaderTypeDef tx_header;
  64:Core/Src/main.c **** CAN_RxHeaderTypeDef rx_header;
  65:Core/Src/main.c **** uint32_t tx_mailbox;
  66:Core/Src/main.c **** uint8_t rx_data[16];
  67:Core/Src/main.c **** uint8_t flag_recv_data = 0;
  68:Core/Src/main.c **** /* ---------- 简易串口打印 ---------- */
  69:Core/Src/main.c **** char uart_buf[128];
  70:Core/Src/main.c **** 
  71:Core/Src/main.c **** void uart_print(const char *s)
  72:Core/Src/main.c **** {
  30              		.loc 1 72 1 view -0
  31              		.cfi_startproc
  32              		@ args = 0, pretend = 0, frame = 0
  33              		@ frame_needed = 0, uses_anonymous_args = 0
  34              		.loc 1 72 1 is_stmt 0 view .LVU1
  35 0000 10B5     		push	{r4, lr}
  36              	.LCFI0:
  37              		.cfi_def_cfa_offset 8
  38              		.cfi_offset 4, -8
  39              		.cfi_offset 14, -4
  40 0002 0446     		mov	r4, r0
  73:Core/Src/main.c **** 	HAL_UART_Transmit(&huart2, (uint8_t *)s, strlen(s), 100);
  41              		.loc 1 73 2 is_stmt 1 view .LVU2
  42              		.loc 1 73 43 is_stmt 0 view .LVU3
ARM GAS  C:\Users\Toubidou\AppData\Local\Temp\ccxzNCtJ.s 			page 3


  43 0004 FFF7FEFF 		bl	strlen
  44              	.LVL1:
  45              		.loc 1 73 2 discriminator 1 view .LVU4
  46 0008 6423     		movs	r3, #100
  47 000a 82B2     		uxth	r2, r0
  48 000c 2146     		mov	r1, r4
  49 000e 0248     		ldr	r0, .L3
  50 0010 FFF7FEFF 		bl	HAL_UART_Transmit
  51              	.LVL2:
  74:Core/Src/main.c **** }
  52              		.loc 1 74 1 view .LVU5
  53 0014 10BD     		pop	{r4, pc}
  54              	.LVL3:
  55              	.L4:
  56              		.loc 1 74 1 view .LVU6
  57 0016 00BF     		.align	2
  58              	.L3:
  59 0018 00000000 		.word	huart2
  60              		.cfi_endproc
  61              	.LFE137:
  63              		.section	.rodata.uart_print_hex.str1.4,"aMS",%progbits,1
  64              		.align	2
  65              	.LC0:
  66 0000 2573203D 		.ascii	"%s = 0x%08lX\015\012\000"
  66      20307825 
  66      30386C58 
  66      0D0A00
  67              		.section	.text.uart_print_hex,"ax",%progbits
  68              		.align	1
  69              		.global	uart_print_hex
  70              		.syntax unified
  71              		.thumb
  72              		.thumb_func
  74              	uart_print_hex:
  75              	.LVL4:
  76              	.LFB138:
  75:Core/Src/main.c **** 
  76:Core/Src/main.c **** void uart_print_hex(const char *label, uint32_t val)
  77:Core/Src/main.c **** {
  77              		.loc 1 77 1 is_stmt 1 view -0
  78              		.cfi_startproc
  79              		@ args = 0, pretend = 0, frame = 0
  80              		@ frame_needed = 0, uses_anonymous_args = 0
  81              		.loc 1 77 1 is_stmt 0 view .LVU8
  82 0000 10B5     		push	{r4, lr}
  83              	.LCFI1:
  84              		.cfi_def_cfa_offset 8
  85              		.cfi_offset 4, -8
  86              		.cfi_offset 14, -4
  87 0002 0246     		mov	r2, r0
  88 0004 0B46     		mov	r3, r1
  78:Core/Src/main.c **** 	sprintf(uart_buf, "%s = 0x%08lX\r\n", label, val);
  89              		.loc 1 78 2 is_stmt 1 view .LVU9
  90 0006 044C     		ldr	r4, .L7
  91 0008 0449     		ldr	r1, .L7+4
  92              	.LVL5:
  93              		.loc 1 78 2 is_stmt 0 view .LVU10
ARM GAS  C:\Users\Toubidou\AppData\Local\Temp\ccxzNCtJ.s 			page 4


  94 000a 2046     		mov	r0, r4
  95              	.LVL6:
  96              		.loc 1 78 2 view .LVU11
  97 000c FFF7FEFF 		bl	sprintf
  98              	.LVL7:
  79:Core/Src/main.c **** 	uart_print(uart_buf);
  99              		.loc 1 79 2 is_stmt 1 view .LVU12
 100 0010 2046     		mov	r0, r4
 101 0012 FFF7FEFF 		bl	uart_print
 102              	.LVL8:
  80:Core/Src/main.c **** }
 103              		.loc 1 80 1 is_stmt 0 view .LVU13
 104 0016 10BD     		pop	{r4, pc}
 105              	.L8:
 106              		.align	2
 107              	.L7:
 108 0018 00000000 		.word	uart_buf
 109 001c 00000000 		.word	.LC0
 110              		.cfi_endproc
 111              	.LFE138:
 113              		.section	.rodata.dump_all_regs.str1.4,"aMS",%progbits,1
 114              		.align	2
 115              	.LC1:
 116 0000 0D0A2D2D 		.ascii	"\015\012--- CAN1 ---\015\012\000"
 116      2D204341 
 116      4E31202D 
 116      2D2D0D0A 
 116      00
 117 0011 000000   		.align	2
 118              	.LC2:
 119 0014 20204D43 		.ascii	"  MCR\000"
 119      5200
 120 001a 0000     		.align	2
 121              	.LC3:
 122 001c 20204D53 		.ascii	"  MSR\000"
 122      5200
 123 0022 0000     		.align	2
 124              	.LC4:
 125 0024 20204553 		.ascii	"  ESR\000"
 125      5200
 126 002a 0000     		.align	2
 127              	.LC5:
 128 002c 20204254 		.ascii	"  BTR\000"
 128      5200
 129 0032 0000     		.align	2
 130              	.LC6:
 131 0034 2020464D 		.ascii	"  FMR\000"
 131      5200
 132 003a 0000     		.align	2
 133              	.LC7:
 134 003c 20205453 		.ascii	"  TSR\000"
 134      5200
 135 0042 0000     		.align	2
 136              	.LC8:
 137 0044 2D2D2D20 		.ascii	"--- end ---\015\012\000"
 137      656E6420 
 137      2D2D2D0D 
ARM GAS  C:\Users\Toubidou\AppData\Local\Temp\ccxzNCtJ.s 			page 5


 137      0A00
 138              		.section	.text.dump_all_regs,"ax",%progbits
 139              		.align	1
 140              		.global	dump_all_regs
 141              		.syntax unified
 142              		.thumb
 143              		.thumb_func
 145              	dump_all_regs:
 146              	.LFB139:
  81:Core/Src/main.c **** 
  82:Core/Src/main.c **** /* ---------- 寄存器 dump ---------- */
  83:Core/Src/main.c **** void dump_all_regs(void)
  84:Core/Src/main.c **** {
 147              		.loc 1 84 1 is_stmt 1 view -0
 148              		.cfi_startproc
 149              		@ args = 0, pretend = 0, frame = 8
 150              		@ frame_needed = 0, uses_anonymous_args = 0
 151 0000 F0B5     		push	{r4, r5, r6, r7, lr}
 152              	.LCFI2:
 153              		.cfi_def_cfa_offset 20
 154              		.cfi_offset 4, -20
 155              		.cfi_offset 5, -16
 156              		.cfi_offset 6, -12
 157              		.cfi_offset 7, -8
 158              		.cfi_offset 14, -4
 159 0002 83B0     		sub	sp, sp, #12
 160              	.LCFI3:
 161              		.cfi_def_cfa_offset 32
  85:Core/Src/main.c **** 	uint32_t can_mcr, can_msr, can_esr, can_btr, can_fmr, can_tsr;
 162              		.loc 1 85 2 view .LVU15
  86:Core/Src/main.c **** 
  87:Core/Src/main.c **** 	can_mcr = READ_REG(CAN1->MCR);
 163              		.loc 1 87 2 view .LVU16
 164              		.loc 1 87 10 is_stmt 0 view .LVU17
 165 0004 144B     		ldr	r3, .L11
 166 0006 1C68     		ldr	r4, [r3]
 167              	.LVL9:
  88:Core/Src/main.c **** 	can_msr = READ_REG(CAN1->MSR);
 168              		.loc 1 88 2 is_stmt 1 view .LVU18
 169              		.loc 1 88 10 is_stmt 0 view .LVU19
 170 0008 5D68     		ldr	r5, [r3, #4]
 171              	.LVL10:
  89:Core/Src/main.c **** 	can_esr = READ_REG(CAN1->ESR);
 172              		.loc 1 89 2 is_stmt 1 view .LVU20
 173              		.loc 1 89 10 is_stmt 0 view .LVU21
 174 000a 9E69     		ldr	r6, [r3, #24]
 175              	.LVL11:
  90:Core/Src/main.c **** 	can_btr = READ_REG(CAN1->BTR);
 176              		.loc 1 90 2 is_stmt 1 view .LVU22
 177              		.loc 1 90 10 is_stmt 0 view .LVU23
 178 000c DF69     		ldr	r7, [r3, #28]
 179              	.LVL12:
  91:Core/Src/main.c **** 	can_fmr = READ_REG(CAN1->FMR);
 180              		.loc 1 91 2 is_stmt 1 view .LVU24
 181              		.loc 1 91 10 is_stmt 0 view .LVU25
 182 000e D3F80022 		ldr	r2, [r3, #512]
 183 0012 0092     		str	r2, [sp]
ARM GAS  C:\Users\Toubidou\AppData\Local\Temp\ccxzNCtJ.s 			page 6


 184              	.LVL13:
  92:Core/Src/main.c **** 	can_tsr = READ_REG(CAN1->TSR);
 185              		.loc 1 92 2 is_stmt 1 view .LVU26
 186              		.loc 1 92 10 is_stmt 0 view .LVU27
 187 0014 9B68     		ldr	r3, [r3, #8]
 188 0016 0193     		str	r3, [sp, #4]
 189              	.LVL14:
  93:Core/Src/main.c **** 
  94:Core/Src/main.c **** 	uart_print("\r\n--- CAN1 ---\r\n");
 190              		.loc 1 94 2 is_stmt 1 view .LVU28
 191 0018 1048     		ldr	r0, .L11+4
 192 001a FFF7FEFF 		bl	uart_print
 193              	.LVL15:
  95:Core/Src/main.c **** 	uart_print_hex("  MCR", can_mcr);
 194              		.loc 1 95 2 view .LVU29
 195 001e 2146     		mov	r1, r4
 196 0020 0F48     		ldr	r0, .L11+8
 197 0022 FFF7FEFF 		bl	uart_print_hex
 198              	.LVL16:
  96:Core/Src/main.c **** 	uart_print_hex("  MSR", can_msr);
 199              		.loc 1 96 2 view .LVU30
 200 0026 2946     		mov	r1, r5
 201 0028 0E48     		ldr	r0, .L11+12
 202 002a FFF7FEFF 		bl	uart_print_hex
 203              	.LVL17:
  97:Core/Src/main.c **** 	uart_print_hex("  ESR", can_esr);
 204              		.loc 1 97 2 view .LVU31
 205 002e 3146     		mov	r1, r6
 206 0030 0D48     		ldr	r0, .L11+16
 207 0032 FFF7FEFF 		bl	uart_print_hex
 208              	.LVL18:
  98:Core/Src/main.c **** 	uart_print_hex("  BTR", can_btr);
 209              		.loc 1 98 2 view .LVU32
 210 0036 3946     		mov	r1, r7
 211 0038 0C48     		ldr	r0, .L11+20
 212 003a FFF7FEFF 		bl	uart_print_hex
 213              	.LVL19:
  99:Core/Src/main.c **** 	uart_print_hex("  FMR", can_fmr);
 214              		.loc 1 99 2 view .LVU33
 215 003e 0099     		ldr	r1, [sp]
 216 0040 0B48     		ldr	r0, .L11+24
 217 0042 FFF7FEFF 		bl	uart_print_hex
 218              	.LVL20:
 100:Core/Src/main.c **** 	uart_print_hex("  TSR", can_tsr);
 219              		.loc 1 100 2 view .LVU34
 220 0046 0199     		ldr	r1, [sp, #4]
 221 0048 0A48     		ldr	r0, .L11+28
 222 004a FFF7FEFF 		bl	uart_print_hex
 223              	.LVL21:
 101:Core/Src/main.c **** 	uart_print("--- end ---\r\n");
 224              		.loc 1 101 2 view .LVU35
 225 004e 0A48     		ldr	r0, .L11+32
 226 0050 FFF7FEFF 		bl	uart_print
 227              	.LVL22:
 102:Core/Src/main.c **** }
 228              		.loc 1 102 1 is_stmt 0 view .LVU36
 229 0054 03B0     		add	sp, sp, #12
ARM GAS  C:\Users\Toubidou\AppData\Local\Temp\ccxzNCtJ.s 			page 7


 230              	.LCFI4:
 231              		.cfi_def_cfa_offset 20
 232              	.LVL23:
 233              		.loc 1 102 1 view .LVU37
 234              		@ sp needed
 235 0056 F0BD     		pop	{r4, r5, r6, r7, pc}
 236              	.LVL24:
 237              	.L12:
 238              		.loc 1 102 1 view .LVU38
 239              		.align	2
 240              	.L11:
 241 0058 00640040 		.word	1073767424
 242 005c 00000000 		.word	.LC1
 243 0060 14000000 		.word	.LC2
 244 0064 1C000000 		.word	.LC3
 245 0068 24000000 		.word	.LC4
 246 006c 2C000000 		.word	.LC5
 247 0070 34000000 		.word	.LC6
 248 0074 3C000000 		.word	.LC7
 249 0078 44000000 		.word	.LC8
 250              		.cfi_endproc
 251              	.LFE139:
 253              		.section	.rodata.bsp_can_create.str1.4,"aMS",%progbits,1
 254              		.align	2
 255              	.LC9:
 256 0000 3E3E3E20 		.ascii	">>> bsp_can_create() start\015\012\000"
 256      6273705F 
 256      63616E5F 
 256      63726561 
 256      74652829 
 257 001d 000000   		.align	2
 258              	.LC10:
 259 0020 20204641 		.ascii	"  FAIL: ConfigFilter\015\012\000"
 259      494C3A20 
 259      436F6E66 
 259      69674669 
 259      6C746572 
 260 0037 00       		.align	2
 261              	.LC11:
 262 0038 20205449 		.ascii	"  TIMEOUT! INAK still set.\015\012\000"
 262      4D454F55 
 262      54212049 
 262      4E414B20 
 262      7374696C 
 263 0055 000000   		.align	2
 264              	.LC12:
 265 0058 2020494E 		.ascii	"  INAK cleared, CAN started.\015\012\000"
 265      414B2063 
 265      6C656172 
 265      65642C20 
 265      43414E20 
 266 0077 00       		.align	2
 267              	.LC13:
 268 0078 3E3E3E20 		.ascii	">>> bsp_can_create() SUCCESS\015\012\015\012\000"
 268      6273705F 
 268      63616E5F 
 268      63726561 
ARM GAS  C:\Users\Toubidou\AppData\Local\Temp\ccxzNCtJ.s 			page 8


 268      74652829 
 269              		.section	.text.bsp_can_create,"ax",%progbits
 270              		.align	1
 271              		.global	bsp_can_create
 272              		.syntax unified
 273              		.thumb
 274              		.thumb_func
 276              	bsp_can_create:
 277              	.LFB140:
 103:Core/Src/main.c **** 
 104:Core/Src/main.c **** /* ---------- CAN 初始化 ---------- */
 105:Core/Src/main.c **** void bsp_can_create(void)
 106:Core/Src/main.c **** {
 278              		.loc 1 106 1 is_stmt 1 view -0
 279              		.cfi_startproc
 280              		@ args = 0, pretend = 0, frame = 40
 281              		@ frame_needed = 0, uses_anonymous_args = 0
 282 0000 10B5     		push	{r4, lr}
 283              	.LCFI5:
 284              		.cfi_def_cfa_offset 8
 285              		.cfi_offset 4, -8
 286              		.cfi_offset 14, -4
 287 0002 8AB0     		sub	sp, sp, #40
 288              	.LCFI6:
 289              		.cfi_def_cfa_offset 48
 107:Core/Src/main.c **** 	CAN_FilterTypeDef sFilterConfig;
 290              		.loc 1 107 2 view .LVU40
 108:Core/Src/main.c **** 
 109:Core/Src/main.c **** 	uart_print(">>> bsp_can_create() start\r\n");
 291              		.loc 1 109 2 view .LVU41
 292 0004 2448     		ldr	r0, .L22
 293 0006 FFF7FEFF 		bl	uart_print
 294              	.LVL25:
 110:Core/Src/main.c **** 	dump_all_regs();
 295              		.loc 1 110 2 view .LVU42
 296 000a FFF7FEFF 		bl	dump_all_regs
 297              	.LVL26:
 111:Core/Src/main.c **** 
 112:Core/Src/main.c **** 	/* 1. 配置滤波器 */
 113:Core/Src/main.c **** 	sFilterConfig.FilterBank = 0;
 298              		.loc 1 113 2 view .LVU43
 299              		.loc 1 113 27 is_stmt 0 view .LVU44
 300 000e 0023     		movs	r3, #0
 301 0010 0593     		str	r3, [sp, #20]
 114:Core/Src/main.c **** 	sFilterConfig.FilterMode = CAN_FILTERMODE_IDMASK;
 302              		.loc 1 114 2 is_stmt 1 view .LVU45
 303              		.loc 1 114 27 is_stmt 0 view .LVU46
 304 0012 0693     		str	r3, [sp, #24]
 115:Core/Src/main.c **** 	sFilterConfig.FilterScale = CAN_FILTERSCALE_32BIT;
 305              		.loc 1 115 2 is_stmt 1 view .LVU47
 306              		.loc 1 115 28 is_stmt 0 view .LVU48
 307 0014 0122     		movs	r2, #1
 308 0016 0792     		str	r2, [sp, #28]
 116:Core/Src/main.c **** 	sFilterConfig.FilterIdHigh = 0x0000;
 309              		.loc 1 116 2 is_stmt 1 view .LVU49
 310              		.loc 1 116 29 is_stmt 0 view .LVU50
 311 0018 0093     		str	r3, [sp]
ARM GAS  C:\Users\Toubidou\AppData\Local\Temp\ccxzNCtJ.s 			page 9


 117:Core/Src/main.c **** 	sFilterConfig.FilterIdLow = 0x0000;
 312              		.loc 1 117 2 is_stmt 1 view .LVU51
 313              		.loc 1 117 28 is_stmt 0 view .LVU52
 314 001a 0193     		str	r3, [sp, #4]
 118:Core/Src/main.c **** 	sFilterConfig.FilterMaskIdHigh = 0x0000;
 315              		.loc 1 118 2 is_stmt 1 view .LVU53
 316              		.loc 1 118 33 is_stmt 0 view .LVU54
 317 001c 0293     		str	r3, [sp, #8]
 119:Core/Src/main.c **** 	sFilterConfig.FilterMaskIdLow = 0x0000;
 318              		.loc 1 119 2 is_stmt 1 view .LVU55
 319              		.loc 1 119 32 is_stmt 0 view .LVU56
 320 001e 0393     		str	r3, [sp, #12]
 120:Core/Src/main.c **** 	sFilterConfig.FilterFIFOAssignment = CAN_RX_FIFO0;
 321              		.loc 1 120 2 is_stmt 1 view .LVU57
 322              		.loc 1 120 37 is_stmt 0 view .LVU58
 323 0020 0493     		str	r3, [sp, #16]
 121:Core/Src/main.c **** 	sFilterConfig.FilterActivation = ENABLE;
 324              		.loc 1 121 2 is_stmt 1 view .LVU59
 325              		.loc 1 121 33 is_stmt 0 view .LVU60
 326 0022 0892     		str	r2, [sp, #32]
 122:Core/Src/main.c **** 
 123:Core/Src/main.c **** 	if (HAL_CAN_ConfigFilter(&hcan1, &sFilterConfig) != HAL_OK)
 327              		.loc 1 123 2 is_stmt 1 view .LVU61
 328              		.loc 1 123 6 is_stmt 0 view .LVU62
 329 0024 6946     		mov	r1, sp
 330 0026 1D48     		ldr	r0, .L22+4
 331 0028 FFF7FEFF 		bl	HAL_CAN_ConfigFilter
 332              	.LVL27:
 333              		.loc 1 123 5 discriminator 1 view .LVU63
 334 002c E0B9     		cbnz	r0, .L20
 124:Core/Src/main.c **** 	{
 125:Core/Src/main.c **** 		uart_print("  FAIL: ConfigFilter\r\n");
 126:Core/Src/main.c **** 		return;
 127:Core/Src/main.c **** 	}
 128:Core/Src/main.c **** 
 129:Core/Src/main.c **** 	/* 2. 手动退出初始化 */
 130:Core/Src/main.c **** 	hcan1.State = HAL_CAN_STATE_LISTENING;
 335              		.loc 1 130 2 is_stmt 1 view .LVU64
 336              		.loc 1 130 14 is_stmt 0 view .LVU65
 337 002e 1B4B     		ldr	r3, .L22+4
 338 0030 0222     		movs	r2, #2
 339 0032 83F82020 		strb	r2, [r3, #32]
 131:Core/Src/main.c **** 	CLEAR_BIT(CAN1->MCR, CAN_MCR_INRQ);
 340              		.loc 1 131 2 is_stmt 1 view .LVU66
 341 0036 1A4A     		ldr	r2, .L22+8
 342 0038 1368     		ldr	r3, [r2]
 343 003a 23F00103 		bic	r3, r3, #1
 344 003e 1360     		str	r3, [r2]
 132:Core/Src/main.c **** 
 133:Core/Src/main.c **** 	uint32_t tickstart = HAL_GetTick();
 345              		.loc 1 133 2 view .LVU67
 346              		.loc 1 133 23 is_stmt 0 view .LVU68
 347 0040 FFF7FEFF 		bl	HAL_GetTick
 348              	.LVL28:
 349 0044 0446     		mov	r4, r0
 350              	.LVL29:
 134:Core/Src/main.c **** 	while ((CAN1->MSR & CAN_MSR_INAK) != 0U)
ARM GAS  C:\Users\Toubidou\AppData\Local\Temp\ccxzNCtJ.s 			page 10


 351              		.loc 1 134 2 is_stmt 1 view .LVU69
 352              	.L16:
 353              		.loc 1 134 36 view .LVU70
 354              		.loc 1 134 14 is_stmt 0 view .LVU71
 355 0046 164B     		ldr	r3, .L22+8
 356 0048 5B68     		ldr	r3, [r3, #4]
 357              		.loc 1 134 36 view .LVU72
 358 004a 13F0010F 		tst	r3, #1
 359 004e 10D0     		beq	.L21
 135:Core/Src/main.c **** 	{
 136:Core/Src/main.c **** 		if ((HAL_GetTick() - tickstart) > 1000U)
 360              		.loc 1 136 3 is_stmt 1 view .LVU73
 361              		.loc 1 136 8 is_stmt 0 view .LVU74
 362 0050 FFF7FEFF 		bl	HAL_GetTick
 363              	.LVL30:
 364              		.loc 1 136 22 discriminator 1 view .LVU75
 365 0054 001B     		subs	r0, r0, r4
 366              		.loc 1 136 6 discriminator 1 view .LVU76
 367 0056 B0F57A7F 		cmp	r0, #1000
 368 005a F4D9     		bls	.L16
 137:Core/Src/main.c **** 		{
 138:Core/Src/main.c **** 			uart_print("  TIMEOUT! INAK still set.\r\n");
 369              		.loc 1 138 4 is_stmt 1 view .LVU77
 370 005c 1148     		ldr	r0, .L22+12
 371 005e FFF7FEFF 		bl	uart_print
 372              	.LVL31:
 139:Core/Src/main.c **** 			dump_all_regs();
 373              		.loc 1 139 4 view .LVU78
 374 0062 FFF7FEFF 		bl	dump_all_regs
 375              	.LVL32:
 140:Core/Src/main.c **** 			return;
 376              		.loc 1 140 4 view .LVU79
 377 0066 02E0     		b	.L13
 378              	.LVL33:
 379              	.L20:
 125:Core/Src/main.c **** 		return;
 380              		.loc 1 125 3 view .LVU80
 381 0068 0F48     		ldr	r0, .L22+16
 382 006a FFF7FEFF 		bl	uart_print
 383              	.LVL34:
 126:Core/Src/main.c **** 	}
 384              		.loc 1 126 3 view .LVU81
 385              	.L13:
 141:Core/Src/main.c **** 		}
 142:Core/Src/main.c **** 	}
 143:Core/Src/main.c **** 
 144:Core/Src/main.c **** 	uart_print("  INAK cleared, CAN started.\r\n");
 145:Core/Src/main.c **** 
 146:Core/Src/main.c **** 	/* 3. 发送帧头 */
 147:Core/Src/main.c **** 	tx_header.StdId = 0x100;
 148:Core/Src/main.c **** 	tx_header.ExtId = 0;
 149:Core/Src/main.c **** 	tx_header.IDE = CAN_ID_STD;
 150:Core/Src/main.c **** 	tx_header.RTR = CAN_RTR_DATA;
 151:Core/Src/main.c **** 	tx_header.DLC = 8;
 152:Core/Src/main.c **** 	tx_header.TransmitGlobalTime = DISABLE;
 153:Core/Src/main.c **** 
 154:Core/Src/main.c **** 	uart_print(">>> bsp_can_create() SUCCESS\r\n\r\n");
ARM GAS  C:\Users\Toubidou\AppData\Local\Temp\ccxzNCtJ.s 			page 11


 155:Core/Src/main.c **** }
 386              		.loc 1 155 1 is_stmt 0 view .LVU82
 387 006e 0AB0     		add	sp, sp, #40
 388              	.LCFI7:
 389              		.cfi_remember_state
 390              		.cfi_def_cfa_offset 8
 391              		@ sp needed
 392 0070 10BD     		pop	{r4, pc}
 393              	.LVL35:
 394              	.L21:
 395              	.LCFI8:
 396              		.cfi_restore_state
 144:Core/Src/main.c **** 
 397              		.loc 1 144 2 is_stmt 1 view .LVU83
 398 0072 0E48     		ldr	r0, .L22+20
 399 0074 FFF7FEFF 		bl	uart_print
 400              	.LVL36:
 147:Core/Src/main.c **** 	tx_header.ExtId = 0;
 401              		.loc 1 147 2 view .LVU84
 147:Core/Src/main.c **** 	tx_header.ExtId = 0;
 402              		.loc 1 147 18 is_stmt 0 view .LVU85
 403 0078 0D4B     		ldr	r3, .L22+24
 404 007a 4FF48072 		mov	r2, #256
 405 007e 1A60     		str	r2, [r3]
 148:Core/Src/main.c **** 	tx_header.IDE = CAN_ID_STD;
 406              		.loc 1 148 2 is_stmt 1 view .LVU86
 148:Core/Src/main.c **** 	tx_header.IDE = CAN_ID_STD;
 407              		.loc 1 148 18 is_stmt 0 view .LVU87
 408 0080 0022     		movs	r2, #0
 409 0082 5A60     		str	r2, [r3, #4]
 149:Core/Src/main.c **** 	tx_header.RTR = CAN_RTR_DATA;
 410              		.loc 1 149 2 is_stmt 1 view .LVU88
 149:Core/Src/main.c **** 	tx_header.RTR = CAN_RTR_DATA;
 411              		.loc 1 149 16 is_stmt 0 view .LVU89
 412 0084 9A60     		str	r2, [r3, #8]
 150:Core/Src/main.c **** 	tx_header.DLC = 8;
 413              		.loc 1 150 2 is_stmt 1 view .LVU90
 150:Core/Src/main.c **** 	tx_header.DLC = 8;
 414              		.loc 1 150 16 is_stmt 0 view .LVU91
 415 0086 DA60     		str	r2, [r3, #12]
 151:Core/Src/main.c **** 	tx_header.TransmitGlobalTime = DISABLE;
 416              		.loc 1 151 2 is_stmt 1 view .LVU92
 151:Core/Src/main.c **** 	tx_header.TransmitGlobalTime = DISABLE;
 417              		.loc 1 151 16 is_stmt 0 view .LVU93
 418 0088 0821     		movs	r1, #8
 419 008a 1961     		str	r1, [r3, #16]
 152:Core/Src/main.c **** 
 420              		.loc 1 152 2 is_stmt 1 view .LVU94
 152:Core/Src/main.c **** 
 421              		.loc 1 152 31 is_stmt 0 view .LVU95
 422 008c 1A75     		strb	r2, [r3, #20]
 154:Core/Src/main.c **** }
 423              		.loc 1 154 2 is_stmt 1 view .LVU96
 424 008e 0948     		ldr	r0, .L22+28
 425 0090 FFF7FEFF 		bl	uart_print
 426              	.LVL37:
 427 0094 EBE7     		b	.L13
ARM GAS  C:\Users\Toubidou\AppData\Local\Temp\ccxzNCtJ.s 			page 12


 428              	.L23:
 429 0096 00BF     		.align	2
 430              	.L22:
 431 0098 00000000 		.word	.LC9
 432 009c 00000000 		.word	hcan1
 433 00a0 00640040 		.word	1073767424
 434 00a4 38000000 		.word	.LC11
 435 00a8 20000000 		.word	.LC10
 436 00ac 58000000 		.word	.LC12
 437 00b0 00000000 		.word	tx_header
 438 00b4 78000000 		.word	.LC13
 439              		.cfi_endproc
 440              	.LFE140:
 442              		.section	.text.Error_Handler,"ax",%progbits
 443              		.align	1
 444              		.global	Error_Handler
 445              		.syntax unified
 446              		.thumb
 447              		.thumb_func
 449              	Error_Handler:
 450              	.LFB144:
 156:Core/Src/main.c **** 
 157:Core/Src/main.c **** void HAL_CAN_RxFifo0MsgPendingCallback(CAN_HandleTypeDef *CanHandle)
 158:Core/Src/main.c **** {
 159:Core/Src/main.c **** 	/* Get RX message */
 160:Core/Src/main.c **** 	if (HAL_CAN_GetRxMessage(CanHandle, CAN_RX_FIFO0, &rx_header, rx_data) != HAL_OK)
 161:Core/Src/main.c **** 	{
 162:Core/Src/main.c **** 		/* Reception Error */
 163:Core/Src/main.c **** 		Error_Handler();
 164:Core/Src/main.c **** 	}
 165:Core/Src/main.c **** 	flag_recv_data = 1;
 166:Core/Src/main.c **** }
 167:Core/Src/main.c **** /* USER CODE END 0 */
 168:Core/Src/main.c **** 
 169:Core/Src/main.c **** /**
 170:Core/Src/main.c ****  * @brief  The application entry point.
 171:Core/Src/main.c ****  * @retval int
 172:Core/Src/main.c ****  */
 173:Core/Src/main.c **** int main(void)
 174:Core/Src/main.c **** {
 175:Core/Src/main.c **** 
 176:Core/Src/main.c **** 	/* USER CODE BEGIN 1 */
 177:Core/Src/main.c **** 
 178:Core/Src/main.c **** 	/* USER CODE END 1 */
 179:Core/Src/main.c **** 
 180:Core/Src/main.c **** 	/* MCU Configuration--------------------------------------------------------*/
 181:Core/Src/main.c **** 
 182:Core/Src/main.c **** 	/* Reset of all peripherals, Initializes the Flash interface and the Systick. */
 183:Core/Src/main.c **** 	HAL_Init();
 184:Core/Src/main.c **** 
 185:Core/Src/main.c **** 	/* USER CODE BEGIN Init */
 186:Core/Src/main.c **** 
 187:Core/Src/main.c **** 	/* USER CODE END Init */
 188:Core/Src/main.c **** 
 189:Core/Src/main.c **** 	/* Configure the system clock */
 190:Core/Src/main.c **** 	SystemClock_Config();
 191:Core/Src/main.c **** 
ARM GAS  C:\Users\Toubidou\AppData\Local\Temp\ccxzNCtJ.s 			page 13


 192:Core/Src/main.c **** 	/* USER CODE BEGIN SysInit */
 193:Core/Src/main.c **** 
 194:Core/Src/main.c **** 	/* USER CODE END SysInit */
 195:Core/Src/main.c **** 
 196:Core/Src/main.c **** 	/* Initialize all configured peripherals */
 197:Core/Src/main.c **** 	MX_GPIO_Init();
 198:Core/Src/main.c **** 	MX_CAN1_Init();
 199:Core/Src/main.c **** 	MX_TIM2_Init();
 200:Core/Src/main.c **** 	MX_USART2_UART_Init();
 201:Core/Src/main.c **** 	/* USER CODE BEGIN 2 */
 202:Core/Src/main.c **** 	bsp_can_create();
 203:Core/Src/main.c **** 	uint8_t can_test_data[8] = {0x30, 0x31, 0x32, 0x33, 0x34, 0x35, 0x36, 0x37};
 204:Core/Src/main.c **** 	/* USER CODE END 2 */
 205:Core/Src/main.c **** 
 206:Core/Src/main.c **** 	/* Infinite loop */
 207:Core/Src/main.c **** 	/* USER CODE BEGIN WHILE */
 208:Core/Src/main.c **** 	// uint32_t loop_cnt = 0;
 209:Core/Src/main.c **** 	while (1)
 210:Core/Src/main.c **** 	{
 211:Core/Src/main.c **** 		// uint32_t msr = READ_REG(CAN1->MSR);
 212:Core/Src/main.c **** 		// uint32_t esr = READ_REG(CAN1->ESR);
 213:Core/Src/main.c **** 		// uint32_t tec = (esr & CAN_ESR_TEC) >> CAN_ESR_TEC_Pos;
 214:Core/Src/main.c **** 		// uint32_t rec = (esr & CAN_ESR_REC) >> CAN_ESR_REC_Pos;
 215:Core/Src/main.c **** 
 216:Core/Src/main.c **** 		// /* 检查是否意外回到 init 模式 */
 217:Core/Src/main.c **** 		// if ((msr & CAN_MSR_INAK) != 0U) {
 218:Core/Src/main.c **** 		// 	sprintf(uart_buf, "[%lu] INAK=1! ESR=0x%08lX\r\n", loop_cnt, esr);
 219:Core/Src/main.c **** 		// 	uart_print(uart_buf);
 220:Core/Src/main.c **** 		// 	HAL_Delay(1000);
 221:Core/Src/main.c **** 		// 	loop_cnt++;
 222:Core/Src/main.c **** 		// 	continue;
 223:Core/Src/main.c **** 		// }
 224:Core/Src/main.c **** 
 225:Core/Src/main.c **** 		/* 发送 CAN 帧 */
 226:Core/Src/main.c **** 		HAL_StatusTypeDef ret = HAL_CAN_AddTxMessage(&hcan1, &tx_header, can_test_data, &tx_mailbox);
 227:Core/Src/main.c **** 
 228:Core/Src/main.c **** 		/* 发完后重新读取 ESR (TEC 可能已变化) */
 229:Core/Src/main.c **** 		// esr = READ_REG(CAN1->ESR);
 230:Core/Src/main.c **** 		// tec = (esr & CAN_ESR_TEC) >> CAN_ESR_TEC_Pos;
 231:Core/Src/main.c **** 		// rec = (esr & CAN_ESR_REC) >> CAN_ESR_REC_Pos;
 232:Core/Src/main.c **** 
 233:Core/Src/main.c **** 		// sprintf(uart_buf, "[%lu] TX:ret=%d TEC=%lu REC=%lu ESR=0x%08lX\r\n",
 234:Core/Src/main.c **** 		//         loop_cnt, ret, tec, rec, esr);
 235:Core/Src/main.c **** 		// uart_print(uart_buf);
 236:Core/Src/main.c **** 
 237:Core/Src/main.c **** 		// HAL_GPIO_TogglePin(GPIOC, GPIO_PIN_0);
 238:Core/Src/main.c **** 		HAL_Delay(1000);
 239:Core/Src/main.c **** 		// loop_cnt++;
 240:Core/Src/main.c **** 
 241:Core/Src/main.c **** 		if (flag_recv_data == 1)
 242:Core/Src/main.c **** 		{
 243:Core/Src/main.c **** 			HAL_UART_Transmit(&huart2, rx_data, 16, 100);
 244:Core/Src/main.c **** 			flag_recv_data = 0;
 245:Core/Src/main.c **** 		}
 246:Core/Src/main.c **** 
 247:Core/Src/main.c **** 		/* USER CODE END WHILE */
 248:Core/Src/main.c **** 
ARM GAS  C:\Users\Toubidou\AppData\Local\Temp\ccxzNCtJ.s 			page 14


 249:Core/Src/main.c **** 		/* USER CODE BEGIN 3 */
 250:Core/Src/main.c **** 	}
 251:Core/Src/main.c **** 	/* USER CODE END 3 */
 252:Core/Src/main.c **** }
 253:Core/Src/main.c **** 
 254:Core/Src/main.c **** /**
 255:Core/Src/main.c ****  * @brief System Clock Configuration
 256:Core/Src/main.c ****  * @retval None
 257:Core/Src/main.c ****  */
 258:Core/Src/main.c **** void SystemClock_Config(void)
 259:Core/Src/main.c **** {
 260:Core/Src/main.c **** 	RCC_OscInitTypeDef RCC_OscInitStruct = {0};
 261:Core/Src/main.c **** 	RCC_ClkInitTypeDef RCC_ClkInitStruct = {0};
 262:Core/Src/main.c **** 
 263:Core/Src/main.c **** 	/** Configure the main internal regulator output voltage
 264:Core/Src/main.c **** 	 */
 265:Core/Src/main.c **** 	__HAL_RCC_PWR_CLK_ENABLE();
 266:Core/Src/main.c **** 	__HAL_PWR_VOLTAGESCALING_CONFIG(PWR_REGULATOR_VOLTAGE_SCALE1);
 267:Core/Src/main.c **** 
 268:Core/Src/main.c **** 	/** Initializes the RCC Oscillators according to the specified parameters
 269:Core/Src/main.c **** 	 * in the RCC_OscInitTypeDef structure.
 270:Core/Src/main.c **** 	 */
 271:Core/Src/main.c **** 	RCC_OscInitStruct.OscillatorType = RCC_OSCILLATORTYPE_HSE;
 272:Core/Src/main.c **** 	RCC_OscInitStruct.HSEState = RCC_HSE_ON;
 273:Core/Src/main.c **** 	RCC_OscInitStruct.PLL.PLLState = RCC_PLL_ON;
 274:Core/Src/main.c **** 	RCC_OscInitStruct.PLL.PLLSource = RCC_PLLSOURCE_HSE;
 275:Core/Src/main.c **** 	RCC_OscInitStruct.PLL.PLLM = 4;
 276:Core/Src/main.c **** 	RCC_OscInitStruct.PLL.PLLN = 168;
 277:Core/Src/main.c **** 	RCC_OscInitStruct.PLL.PLLP = RCC_PLLP_DIV2;
 278:Core/Src/main.c **** 	RCC_OscInitStruct.PLL.PLLQ = 4;
 279:Core/Src/main.c **** 	if (HAL_RCC_OscConfig(&RCC_OscInitStruct) != HAL_OK)
 280:Core/Src/main.c **** 	{
 281:Core/Src/main.c **** 		Error_Handler();
 282:Core/Src/main.c **** 	}
 283:Core/Src/main.c **** 
 284:Core/Src/main.c **** 	/** Initializes the CPU, AHB and APB buses clocks
 285:Core/Src/main.c **** 	 */
 286:Core/Src/main.c **** 	RCC_ClkInitStruct.ClockType = RCC_CLOCKTYPE_HCLK | RCC_CLOCKTYPE_SYSCLK | RCC_CLOCKTYPE_PCLK1 | RC
 287:Core/Src/main.c **** 	RCC_ClkInitStruct.SYSCLKSource = RCC_SYSCLKSOURCE_PLLCLK;
 288:Core/Src/main.c **** 	RCC_ClkInitStruct.AHBCLKDivider = RCC_SYSCLK_DIV1;
 289:Core/Src/main.c **** 	RCC_ClkInitStruct.APB1CLKDivider = RCC_HCLK_DIV4;
 290:Core/Src/main.c **** 	RCC_ClkInitStruct.APB2CLKDivider = RCC_HCLK_DIV2;
 291:Core/Src/main.c **** 
 292:Core/Src/main.c **** 	if (HAL_RCC_ClockConfig(&RCC_ClkInitStruct, FLASH_LATENCY_5) != HAL_OK)
 293:Core/Src/main.c **** 	{
 294:Core/Src/main.c **** 		Error_Handler();
 295:Core/Src/main.c **** 	}
 296:Core/Src/main.c **** }
 297:Core/Src/main.c **** 
 298:Core/Src/main.c **** /* USER CODE BEGIN 4 */
 299:Core/Src/main.c **** 
 300:Core/Src/main.c **** /* USER CODE END 4 */
 301:Core/Src/main.c **** 
 302:Core/Src/main.c **** /**
 303:Core/Src/main.c ****  * @brief  This function is executed in case of error occurrence.
 304:Core/Src/main.c ****  * @retval None
 305:Core/Src/main.c ****  */
ARM GAS  C:\Users\Toubidou\AppData\Local\Temp\ccxzNCtJ.s 			page 15


 306:Core/Src/main.c **** void Error_Handler(void)
 307:Core/Src/main.c **** {
 451              		.loc 1 307 1 view -0
 452              		.cfi_startproc
 453              		@ Volatile: function does not return.
 454              		@ args = 0, pretend = 0, frame = 0
 455              		@ frame_needed = 0, uses_anonymous_args = 0
 456              		@ link register save eliminated.
 308:Core/Src/main.c **** 	/* USER CODE BEGIN Error_Handler_Debug */
 309:Core/Src/main.c **** 	/* User can add his own implementation to report the HAL error return state */
 310:Core/Src/main.c **** 	__disable_irq();
 457              		.loc 1 310 2 view .LVU98
 458              	.LBB4:
 459              	.LBI4:
 460              		.file 2 "Drivers/CMSIS/Include/cmsis_gcc.h"
   1:Drivers/CMSIS/Include/cmsis_gcc.h **** /**************************************************************************//**
   2:Drivers/CMSIS/Include/cmsis_gcc.h ****  * @file     cmsis_gcc.h
   3:Drivers/CMSIS/Include/cmsis_gcc.h ****  * @brief    CMSIS compiler GCC header file
   4:Drivers/CMSIS/Include/cmsis_gcc.h ****  * @version  V5.4.1
   5:Drivers/CMSIS/Include/cmsis_gcc.h ****  * @date     27. May 2021
   6:Drivers/CMSIS/Include/cmsis_gcc.h ****  ******************************************************************************/
   7:Drivers/CMSIS/Include/cmsis_gcc.h **** /*
   8:Drivers/CMSIS/Include/cmsis_gcc.h ****  * Copyright (c) 2009-2021 Arm Limited. All rights reserved.
   9:Drivers/CMSIS/Include/cmsis_gcc.h ****  *
  10:Drivers/CMSIS/Include/cmsis_gcc.h ****  * SPDX-License-Identifier: Apache-2.0
  11:Drivers/CMSIS/Include/cmsis_gcc.h ****  *
  12:Drivers/CMSIS/Include/cmsis_gcc.h ****  * Licensed under the Apache License, Version 2.0 (the License); you may
  13:Drivers/CMSIS/Include/cmsis_gcc.h ****  * not use this file except in compliance with the License.
  14:Drivers/CMSIS/Include/cmsis_gcc.h ****  * You may obtain a copy of the License at
  15:Drivers/CMSIS/Include/cmsis_gcc.h ****  *
  16:Drivers/CMSIS/Include/cmsis_gcc.h ****  * www.apache.org/licenses/LICENSE-2.0
  17:Drivers/CMSIS/Include/cmsis_gcc.h ****  *
  18:Drivers/CMSIS/Include/cmsis_gcc.h ****  * Unless required by applicable law or agreed to in writing, software
  19:Drivers/CMSIS/Include/cmsis_gcc.h ****  * distributed under the License is distributed on an AS IS BASIS, WITHOUT
  20:Drivers/CMSIS/Include/cmsis_gcc.h ****  * WARRANTIES OR CONDITIONS OF ANY KIND, either express or implied.
  21:Drivers/CMSIS/Include/cmsis_gcc.h ****  * See the License for the specific language governing permissions and
  22:Drivers/CMSIS/Include/cmsis_gcc.h ****  * limitations under the License.
  23:Drivers/CMSIS/Include/cmsis_gcc.h ****  */
  24:Drivers/CMSIS/Include/cmsis_gcc.h **** 
  25:Drivers/CMSIS/Include/cmsis_gcc.h **** #ifndef __CMSIS_GCC_H
  26:Drivers/CMSIS/Include/cmsis_gcc.h **** #define __CMSIS_GCC_H
  27:Drivers/CMSIS/Include/cmsis_gcc.h **** 
  28:Drivers/CMSIS/Include/cmsis_gcc.h **** /* ignore some GCC warnings */
  29:Drivers/CMSIS/Include/cmsis_gcc.h **** #pragma GCC diagnostic push
  30:Drivers/CMSIS/Include/cmsis_gcc.h **** #pragma GCC diagnostic ignored "-Wsign-conversion"
  31:Drivers/CMSIS/Include/cmsis_gcc.h **** #pragma GCC diagnostic ignored "-Wconversion"
  32:Drivers/CMSIS/Include/cmsis_gcc.h **** #pragma GCC diagnostic ignored "-Wunused-parameter"
  33:Drivers/CMSIS/Include/cmsis_gcc.h **** 
  34:Drivers/CMSIS/Include/cmsis_gcc.h **** /* Fallback for __has_builtin */
  35:Drivers/CMSIS/Include/cmsis_gcc.h **** #ifndef __has_builtin
  36:Drivers/CMSIS/Include/cmsis_gcc.h ****   #define __has_builtin(x) (0)
  37:Drivers/CMSIS/Include/cmsis_gcc.h **** #endif
  38:Drivers/CMSIS/Include/cmsis_gcc.h **** 
  39:Drivers/CMSIS/Include/cmsis_gcc.h **** /* CMSIS compiler specific defines */
  40:Drivers/CMSIS/Include/cmsis_gcc.h **** #ifndef   __ASM
  41:Drivers/CMSIS/Include/cmsis_gcc.h ****   #define __ASM                                  __asm
  42:Drivers/CMSIS/Include/cmsis_gcc.h **** #endif
ARM GAS  C:\Users\Toubidou\AppData\Local\Temp\ccxzNCtJ.s 			page 16


  43:Drivers/CMSIS/Include/cmsis_gcc.h **** #ifndef   __INLINE
  44:Drivers/CMSIS/Include/cmsis_gcc.h ****   #define __INLINE                               inline
  45:Drivers/CMSIS/Include/cmsis_gcc.h **** #endif
  46:Drivers/CMSIS/Include/cmsis_gcc.h **** #ifndef   __STATIC_INLINE
  47:Drivers/CMSIS/Include/cmsis_gcc.h ****   #define __STATIC_INLINE                        static inline
  48:Drivers/CMSIS/Include/cmsis_gcc.h **** #endif
  49:Drivers/CMSIS/Include/cmsis_gcc.h **** #ifndef   __STATIC_FORCEINLINE
  50:Drivers/CMSIS/Include/cmsis_gcc.h ****   #define __STATIC_FORCEINLINE                   __attribute__((always_inline)) static inline
  51:Drivers/CMSIS/Include/cmsis_gcc.h **** #endif
  52:Drivers/CMSIS/Include/cmsis_gcc.h **** #ifndef   __NO_RETURN
  53:Drivers/CMSIS/Include/cmsis_gcc.h ****   #define __NO_RETURN                            __attribute__((__noreturn__))
  54:Drivers/CMSIS/Include/cmsis_gcc.h **** #endif
  55:Drivers/CMSIS/Include/cmsis_gcc.h **** #ifndef   __USED
  56:Drivers/CMSIS/Include/cmsis_gcc.h ****   #define __USED                                 __attribute__((used))
  57:Drivers/CMSIS/Include/cmsis_gcc.h **** #endif
  58:Drivers/CMSIS/Include/cmsis_gcc.h **** #ifndef   __WEAK
  59:Drivers/CMSIS/Include/cmsis_gcc.h ****   #define __WEAK                                 __attribute__((weak))
  60:Drivers/CMSIS/Include/cmsis_gcc.h **** #endif
  61:Drivers/CMSIS/Include/cmsis_gcc.h **** #ifndef   __PACKED
  62:Drivers/CMSIS/Include/cmsis_gcc.h ****   #define __PACKED                               __attribute__((packed, aligned(1)))
  63:Drivers/CMSIS/Include/cmsis_gcc.h **** #endif
  64:Drivers/CMSIS/Include/cmsis_gcc.h **** #ifndef   __PACKED_STRUCT
  65:Drivers/CMSIS/Include/cmsis_gcc.h ****   #define __PACKED_STRUCT                        struct __attribute__((packed, aligned(1)))
  66:Drivers/CMSIS/Include/cmsis_gcc.h **** #endif
  67:Drivers/CMSIS/Include/cmsis_gcc.h **** #ifndef   __PACKED_UNION
  68:Drivers/CMSIS/Include/cmsis_gcc.h ****   #define __PACKED_UNION                         union __attribute__((packed, aligned(1)))
  69:Drivers/CMSIS/Include/cmsis_gcc.h **** #endif
  70:Drivers/CMSIS/Include/cmsis_gcc.h **** #ifndef   __UNALIGNED_UINT32        /* deprecated */
  71:Drivers/CMSIS/Include/cmsis_gcc.h ****   #pragma GCC diagnostic push
  72:Drivers/CMSIS/Include/cmsis_gcc.h ****   #pragma GCC diagnostic ignored "-Wpacked"
  73:Drivers/CMSIS/Include/cmsis_gcc.h ****   #pragma GCC diagnostic ignored "-Wattributes"
  74:Drivers/CMSIS/Include/cmsis_gcc.h ****   struct __attribute__((packed)) T_UINT32 { uint32_t v; };
  75:Drivers/CMSIS/Include/cmsis_gcc.h ****   #pragma GCC diagnostic pop
  76:Drivers/CMSIS/Include/cmsis_gcc.h ****   #define __UNALIGNED_UINT32(x)                  (((struct T_UINT32 *)(x))->v)
  77:Drivers/CMSIS/Include/cmsis_gcc.h **** #endif
  78:Drivers/CMSIS/Include/cmsis_gcc.h **** #ifndef   __UNALIGNED_UINT16_WRITE
  79:Drivers/CMSIS/Include/cmsis_gcc.h ****   #pragma GCC diagnostic push
  80:Drivers/CMSIS/Include/cmsis_gcc.h ****   #pragma GCC diagnostic ignored "-Wpacked"
  81:Drivers/CMSIS/Include/cmsis_gcc.h ****   #pragma GCC diagnostic ignored "-Wattributes"
  82:Drivers/CMSIS/Include/cmsis_gcc.h ****   __PACKED_STRUCT T_UINT16_WRITE { uint16_t v; };
  83:Drivers/CMSIS/Include/cmsis_gcc.h ****   #pragma GCC diagnostic pop
  84:Drivers/CMSIS/Include/cmsis_gcc.h ****   #define __UNALIGNED_UINT16_WRITE(addr, val)    (void)((((struct T_UINT16_WRITE *)(void *)(addr))-
  85:Drivers/CMSIS/Include/cmsis_gcc.h **** #endif
  86:Drivers/CMSIS/Include/cmsis_gcc.h **** #ifndef   __UNALIGNED_UINT16_READ
  87:Drivers/CMSIS/Include/cmsis_gcc.h ****   #pragma GCC diagnostic push
  88:Drivers/CMSIS/Include/cmsis_gcc.h ****   #pragma GCC diagnostic ignored "-Wpacked"
  89:Drivers/CMSIS/Include/cmsis_gcc.h ****   #pragma GCC diagnostic ignored "-Wattributes"
  90:Drivers/CMSIS/Include/cmsis_gcc.h ****   __PACKED_STRUCT T_UINT16_READ { uint16_t v; };
  91:Drivers/CMSIS/Include/cmsis_gcc.h ****   #pragma GCC diagnostic pop
  92:Drivers/CMSIS/Include/cmsis_gcc.h ****   #define __UNALIGNED_UINT16_READ(addr)          (((const struct T_UINT16_READ *)(const void *)(add
  93:Drivers/CMSIS/Include/cmsis_gcc.h **** #endif
  94:Drivers/CMSIS/Include/cmsis_gcc.h **** #ifndef   __UNALIGNED_UINT32_WRITE
  95:Drivers/CMSIS/Include/cmsis_gcc.h ****   #pragma GCC diagnostic push
  96:Drivers/CMSIS/Include/cmsis_gcc.h ****   #pragma GCC diagnostic ignored "-Wpacked"
  97:Drivers/CMSIS/Include/cmsis_gcc.h ****   #pragma GCC diagnostic ignored "-Wattributes"
  98:Drivers/CMSIS/Include/cmsis_gcc.h ****   __PACKED_STRUCT T_UINT32_WRITE { uint32_t v; };
  99:Drivers/CMSIS/Include/cmsis_gcc.h ****   #pragma GCC diagnostic pop
ARM GAS  C:\Users\Toubidou\AppData\Local\Temp\ccxzNCtJ.s 			page 17


 100:Drivers/CMSIS/Include/cmsis_gcc.h ****   #define __UNALIGNED_UINT32_WRITE(addr, val)    (void)((((struct T_UINT32_WRITE *)(void *)(addr))-
 101:Drivers/CMSIS/Include/cmsis_gcc.h **** #endif
 102:Drivers/CMSIS/Include/cmsis_gcc.h **** #ifndef   __UNALIGNED_UINT32_READ
 103:Drivers/CMSIS/Include/cmsis_gcc.h ****   #pragma GCC diagnostic push
 104:Drivers/CMSIS/Include/cmsis_gcc.h ****   #pragma GCC diagnostic ignored "-Wpacked"
 105:Drivers/CMSIS/Include/cmsis_gcc.h ****   #pragma GCC diagnostic ignored "-Wattributes"
 106:Drivers/CMSIS/Include/cmsis_gcc.h ****   __PACKED_STRUCT T_UINT32_READ { uint32_t v; };
 107:Drivers/CMSIS/Include/cmsis_gcc.h ****   #pragma GCC diagnostic pop
 108:Drivers/CMSIS/Include/cmsis_gcc.h ****   #define __UNALIGNED_UINT32_READ(addr)          (((const struct T_UINT32_READ *)(const void *)(add
 109:Drivers/CMSIS/Include/cmsis_gcc.h **** #endif
 110:Drivers/CMSIS/Include/cmsis_gcc.h **** #ifndef   __ALIGNED
 111:Drivers/CMSIS/Include/cmsis_gcc.h ****   #define __ALIGNED(x)                           __attribute__((aligned(x)))
 112:Drivers/CMSIS/Include/cmsis_gcc.h **** #endif
 113:Drivers/CMSIS/Include/cmsis_gcc.h **** #ifndef   __RESTRICT
 114:Drivers/CMSIS/Include/cmsis_gcc.h ****   #define __RESTRICT                             __restrict
 115:Drivers/CMSIS/Include/cmsis_gcc.h **** #endif
 116:Drivers/CMSIS/Include/cmsis_gcc.h **** #ifndef   __COMPILER_BARRIER
 117:Drivers/CMSIS/Include/cmsis_gcc.h ****   #define __COMPILER_BARRIER()                   __ASM volatile("":::"memory")
 118:Drivers/CMSIS/Include/cmsis_gcc.h **** #endif
 119:Drivers/CMSIS/Include/cmsis_gcc.h **** 
 120:Drivers/CMSIS/Include/cmsis_gcc.h **** /* #########################  Startup and Lowlevel Init  ######################## */
 121:Drivers/CMSIS/Include/cmsis_gcc.h **** 
 122:Drivers/CMSIS/Include/cmsis_gcc.h **** #ifndef __PROGRAM_START
 123:Drivers/CMSIS/Include/cmsis_gcc.h **** 
 124:Drivers/CMSIS/Include/cmsis_gcc.h **** /**
 125:Drivers/CMSIS/Include/cmsis_gcc.h ****   \brief   Initializes data and bss sections
 126:Drivers/CMSIS/Include/cmsis_gcc.h ****   \details This default implementations initialized all data and additional bss
 127:Drivers/CMSIS/Include/cmsis_gcc.h ****            sections relying on .copy.table and .zero.table specified properly
 128:Drivers/CMSIS/Include/cmsis_gcc.h ****            in the used linker script.
 129:Drivers/CMSIS/Include/cmsis_gcc.h **** 
 130:Drivers/CMSIS/Include/cmsis_gcc.h ****  */
 131:Drivers/CMSIS/Include/cmsis_gcc.h **** __STATIC_FORCEINLINE __NO_RETURN void __cmsis_start(void)
 132:Drivers/CMSIS/Include/cmsis_gcc.h **** {
 133:Drivers/CMSIS/Include/cmsis_gcc.h ****   extern void _start(void) __NO_RETURN;
 134:Drivers/CMSIS/Include/cmsis_gcc.h **** 
 135:Drivers/CMSIS/Include/cmsis_gcc.h ****   typedef struct {
 136:Drivers/CMSIS/Include/cmsis_gcc.h ****     uint32_t const* src;
 137:Drivers/CMSIS/Include/cmsis_gcc.h ****     uint32_t* dest;
 138:Drivers/CMSIS/Include/cmsis_gcc.h ****     uint32_t  wlen;
 139:Drivers/CMSIS/Include/cmsis_gcc.h ****   } __copy_table_t;
 140:Drivers/CMSIS/Include/cmsis_gcc.h **** 
 141:Drivers/CMSIS/Include/cmsis_gcc.h ****   typedef struct {
 142:Drivers/CMSIS/Include/cmsis_gcc.h ****     uint32_t* dest;
 143:Drivers/CMSIS/Include/cmsis_gcc.h ****     uint32_t  wlen;
 144:Drivers/CMSIS/Include/cmsis_gcc.h ****   } __zero_table_t;
 145:Drivers/CMSIS/Include/cmsis_gcc.h **** 
 146:Drivers/CMSIS/Include/cmsis_gcc.h ****   extern const __copy_table_t __copy_table_start__;
 147:Drivers/CMSIS/Include/cmsis_gcc.h ****   extern const __copy_table_t __copy_table_end__;
 148:Drivers/CMSIS/Include/cmsis_gcc.h ****   extern const __zero_table_t __zero_table_start__;
 149:Drivers/CMSIS/Include/cmsis_gcc.h ****   extern const __zero_table_t __zero_table_end__;
 150:Drivers/CMSIS/Include/cmsis_gcc.h **** 
 151:Drivers/CMSIS/Include/cmsis_gcc.h ****   for (__copy_table_t const* pTable = &__copy_table_start__; pTable < &__copy_table_end__; ++pTable
 152:Drivers/CMSIS/Include/cmsis_gcc.h ****     for(uint32_t i=0u; i<pTable->wlen; ++i) {
 153:Drivers/CMSIS/Include/cmsis_gcc.h ****       pTable->dest[i] = pTable->src[i];
 154:Drivers/CMSIS/Include/cmsis_gcc.h ****     }
 155:Drivers/CMSIS/Include/cmsis_gcc.h ****   }
 156:Drivers/CMSIS/Include/cmsis_gcc.h **** 
ARM GAS  C:\Users\Toubidou\AppData\Local\Temp\ccxzNCtJ.s 			page 18


 157:Drivers/CMSIS/Include/cmsis_gcc.h ****   for (__zero_table_t const* pTable = &__zero_table_start__; pTable < &__zero_table_end__; ++pTable
 158:Drivers/CMSIS/Include/cmsis_gcc.h ****     for(uint32_t i=0u; i<pTable->wlen; ++i) {
 159:Drivers/CMSIS/Include/cmsis_gcc.h ****       pTable->dest[i] = 0u;
 160:Drivers/CMSIS/Include/cmsis_gcc.h ****     }
 161:Drivers/CMSIS/Include/cmsis_gcc.h ****   }
 162:Drivers/CMSIS/Include/cmsis_gcc.h **** 
 163:Drivers/CMSIS/Include/cmsis_gcc.h ****   _start();
 164:Drivers/CMSIS/Include/cmsis_gcc.h **** }
 165:Drivers/CMSIS/Include/cmsis_gcc.h **** 
 166:Drivers/CMSIS/Include/cmsis_gcc.h **** #define __PROGRAM_START           __cmsis_start
 167:Drivers/CMSIS/Include/cmsis_gcc.h **** #endif
 168:Drivers/CMSIS/Include/cmsis_gcc.h **** 
 169:Drivers/CMSIS/Include/cmsis_gcc.h **** #ifndef __INITIAL_SP
 170:Drivers/CMSIS/Include/cmsis_gcc.h **** #define __INITIAL_SP              __StackTop
 171:Drivers/CMSIS/Include/cmsis_gcc.h **** #endif
 172:Drivers/CMSIS/Include/cmsis_gcc.h **** 
 173:Drivers/CMSIS/Include/cmsis_gcc.h **** #ifndef __STACK_LIMIT
 174:Drivers/CMSIS/Include/cmsis_gcc.h **** #define __STACK_LIMIT             __StackLimit
 175:Drivers/CMSIS/Include/cmsis_gcc.h **** #endif
 176:Drivers/CMSIS/Include/cmsis_gcc.h **** 
 177:Drivers/CMSIS/Include/cmsis_gcc.h **** #ifndef __VECTOR_TABLE
 178:Drivers/CMSIS/Include/cmsis_gcc.h **** #define __VECTOR_TABLE            __Vectors
 179:Drivers/CMSIS/Include/cmsis_gcc.h **** #endif
 180:Drivers/CMSIS/Include/cmsis_gcc.h **** 
 181:Drivers/CMSIS/Include/cmsis_gcc.h **** #ifndef __VECTOR_TABLE_ATTRIBUTE
 182:Drivers/CMSIS/Include/cmsis_gcc.h **** #define __VECTOR_TABLE_ATTRIBUTE  __attribute__((used, section(".vectors")))
 183:Drivers/CMSIS/Include/cmsis_gcc.h **** #endif
 184:Drivers/CMSIS/Include/cmsis_gcc.h **** 
 185:Drivers/CMSIS/Include/cmsis_gcc.h **** #if defined (__ARM_FEATURE_CMSE) && (__ARM_FEATURE_CMSE == 3U)
 186:Drivers/CMSIS/Include/cmsis_gcc.h **** #ifndef __STACK_SEAL
 187:Drivers/CMSIS/Include/cmsis_gcc.h **** #define __STACK_SEAL              __StackSeal
 188:Drivers/CMSIS/Include/cmsis_gcc.h **** #endif
 189:Drivers/CMSIS/Include/cmsis_gcc.h **** 
 190:Drivers/CMSIS/Include/cmsis_gcc.h **** #ifndef __TZ_STACK_SEAL_SIZE
 191:Drivers/CMSIS/Include/cmsis_gcc.h **** #define __TZ_STACK_SEAL_SIZE      8U
 192:Drivers/CMSIS/Include/cmsis_gcc.h **** #endif
 193:Drivers/CMSIS/Include/cmsis_gcc.h **** 
 194:Drivers/CMSIS/Include/cmsis_gcc.h **** #ifndef __TZ_STACK_SEAL_VALUE
 195:Drivers/CMSIS/Include/cmsis_gcc.h **** #define __TZ_STACK_SEAL_VALUE     0xFEF5EDA5FEF5EDA5ULL
 196:Drivers/CMSIS/Include/cmsis_gcc.h **** #endif
 197:Drivers/CMSIS/Include/cmsis_gcc.h **** 
 198:Drivers/CMSIS/Include/cmsis_gcc.h **** 
 199:Drivers/CMSIS/Include/cmsis_gcc.h **** __STATIC_FORCEINLINE void __TZ_set_STACKSEAL_S (uint32_t* stackTop) {
 200:Drivers/CMSIS/Include/cmsis_gcc.h ****   *((uint64_t *)stackTop) = __TZ_STACK_SEAL_VALUE;
 201:Drivers/CMSIS/Include/cmsis_gcc.h **** }
 202:Drivers/CMSIS/Include/cmsis_gcc.h **** #endif
 203:Drivers/CMSIS/Include/cmsis_gcc.h **** 
 204:Drivers/CMSIS/Include/cmsis_gcc.h **** 
 205:Drivers/CMSIS/Include/cmsis_gcc.h **** /* ##########################  Core Instruction Access  ######################### */
 206:Drivers/CMSIS/Include/cmsis_gcc.h **** /** \defgroup CMSIS_Core_InstructionInterface CMSIS Core Instruction Interface
 207:Drivers/CMSIS/Include/cmsis_gcc.h ****   Access to dedicated instructions
 208:Drivers/CMSIS/Include/cmsis_gcc.h ****   @{
 209:Drivers/CMSIS/Include/cmsis_gcc.h **** */
 210:Drivers/CMSIS/Include/cmsis_gcc.h **** 
 211:Drivers/CMSIS/Include/cmsis_gcc.h **** /* Define macros for porting to both thumb1 and thumb2.
 212:Drivers/CMSIS/Include/cmsis_gcc.h ****  * For thumb1, use low register (r0-r7), specified by constraint "l"
 213:Drivers/CMSIS/Include/cmsis_gcc.h ****  * Otherwise, use general registers, specified by constraint "r" */
ARM GAS  C:\Users\Toubidou\AppData\Local\Temp\ccxzNCtJ.s 			page 19


 214:Drivers/CMSIS/Include/cmsis_gcc.h **** #if defined (__thumb__) && !defined (__thumb2__)
 215:Drivers/CMSIS/Include/cmsis_gcc.h **** #define __CMSIS_GCC_OUT_REG(r) "=l" (r)
 216:Drivers/CMSIS/Include/cmsis_gcc.h **** #define __CMSIS_GCC_RW_REG(r) "+l" (r)
 217:Drivers/CMSIS/Include/cmsis_gcc.h **** #define __CMSIS_GCC_USE_REG(r) "l" (r)
 218:Drivers/CMSIS/Include/cmsis_gcc.h **** #else
 219:Drivers/CMSIS/Include/cmsis_gcc.h **** #define __CMSIS_GCC_OUT_REG(r) "=r" (r)
 220:Drivers/CMSIS/Include/cmsis_gcc.h **** #define __CMSIS_GCC_RW_REG(r) "+r" (r)
 221:Drivers/CMSIS/Include/cmsis_gcc.h **** #define __CMSIS_GCC_USE_REG(r) "r" (r)
 222:Drivers/CMSIS/Include/cmsis_gcc.h **** #endif
 223:Drivers/CMSIS/Include/cmsis_gcc.h **** 
 224:Drivers/CMSIS/Include/cmsis_gcc.h **** /**
 225:Drivers/CMSIS/Include/cmsis_gcc.h ****   \brief   No Operation
 226:Drivers/CMSIS/Include/cmsis_gcc.h ****   \details No Operation does nothing. This instruction can be used for code alignment purposes.
 227:Drivers/CMSIS/Include/cmsis_gcc.h ****  */
 228:Drivers/CMSIS/Include/cmsis_gcc.h **** #define __NOP()                             __ASM volatile ("nop")
 229:Drivers/CMSIS/Include/cmsis_gcc.h **** 
 230:Drivers/CMSIS/Include/cmsis_gcc.h **** /**
 231:Drivers/CMSIS/Include/cmsis_gcc.h ****   \brief   Wait For Interrupt
 232:Drivers/CMSIS/Include/cmsis_gcc.h ****   \details Wait For Interrupt is a hint instruction that suspends execution until one of a number o
 233:Drivers/CMSIS/Include/cmsis_gcc.h ****  */
 234:Drivers/CMSIS/Include/cmsis_gcc.h **** #define __WFI()                             __ASM volatile ("wfi":::"memory")
 235:Drivers/CMSIS/Include/cmsis_gcc.h **** 
 236:Drivers/CMSIS/Include/cmsis_gcc.h **** 
 237:Drivers/CMSIS/Include/cmsis_gcc.h **** /**
 238:Drivers/CMSIS/Include/cmsis_gcc.h ****   \brief   Wait For Event
 239:Drivers/CMSIS/Include/cmsis_gcc.h ****   \details Wait For Event is a hint instruction that permits the processor to enter
 240:Drivers/CMSIS/Include/cmsis_gcc.h ****            a low-power state until one of a number of events occurs.
 241:Drivers/CMSIS/Include/cmsis_gcc.h ****  */
 242:Drivers/CMSIS/Include/cmsis_gcc.h **** #define __WFE()                             __ASM volatile ("wfe":::"memory")
 243:Drivers/CMSIS/Include/cmsis_gcc.h **** 
 244:Drivers/CMSIS/Include/cmsis_gcc.h **** 
 245:Drivers/CMSIS/Include/cmsis_gcc.h **** /**
 246:Drivers/CMSIS/Include/cmsis_gcc.h ****   \brief   Send Event
 247:Drivers/CMSIS/Include/cmsis_gcc.h ****   \details Send Event is a hint instruction. It causes an event to be signaled to the CPU.
 248:Drivers/CMSIS/Include/cmsis_gcc.h ****  */
 249:Drivers/CMSIS/Include/cmsis_gcc.h **** #define __SEV()                             __ASM volatile ("sev")
 250:Drivers/CMSIS/Include/cmsis_gcc.h **** 
 251:Drivers/CMSIS/Include/cmsis_gcc.h **** 
 252:Drivers/CMSIS/Include/cmsis_gcc.h **** /**
 253:Drivers/CMSIS/Include/cmsis_gcc.h ****   \brief   Instruction Synchronization Barrier
 254:Drivers/CMSIS/Include/cmsis_gcc.h ****   \details Instruction Synchronization Barrier flushes the pipeline in the processor,
 255:Drivers/CMSIS/Include/cmsis_gcc.h ****            so that all instructions following the ISB are fetched from cache or memory,
 256:Drivers/CMSIS/Include/cmsis_gcc.h ****            after the instruction has been completed.
 257:Drivers/CMSIS/Include/cmsis_gcc.h ****  */
 258:Drivers/CMSIS/Include/cmsis_gcc.h **** __STATIC_FORCEINLINE void __ISB(void)
 259:Drivers/CMSIS/Include/cmsis_gcc.h **** {
 260:Drivers/CMSIS/Include/cmsis_gcc.h ****   __ASM volatile ("isb 0xF":::"memory");
 261:Drivers/CMSIS/Include/cmsis_gcc.h **** }
 262:Drivers/CMSIS/Include/cmsis_gcc.h **** 
 263:Drivers/CMSIS/Include/cmsis_gcc.h **** 
 264:Drivers/CMSIS/Include/cmsis_gcc.h **** /**
 265:Drivers/CMSIS/Include/cmsis_gcc.h ****   \brief   Data Synchronization Barrier
 266:Drivers/CMSIS/Include/cmsis_gcc.h ****   \details Acts as a special kind of Data Memory Barrier.
 267:Drivers/CMSIS/Include/cmsis_gcc.h ****            It completes when all explicit memory accesses before this instruction complete.
 268:Drivers/CMSIS/Include/cmsis_gcc.h ****  */
 269:Drivers/CMSIS/Include/cmsis_gcc.h **** __STATIC_FORCEINLINE void __DSB(void)
 270:Drivers/CMSIS/Include/cmsis_gcc.h **** {
ARM GAS  C:\Users\Toubidou\AppData\Local\Temp\ccxzNCtJ.s 			page 20


 271:Drivers/CMSIS/Include/cmsis_gcc.h ****   __ASM volatile ("dsb 0xF":::"memory");
 272:Drivers/CMSIS/Include/cmsis_gcc.h **** }
 273:Drivers/CMSIS/Include/cmsis_gcc.h **** 
 274:Drivers/CMSIS/Include/cmsis_gcc.h **** 
 275:Drivers/CMSIS/Include/cmsis_gcc.h **** /**
 276:Drivers/CMSIS/Include/cmsis_gcc.h ****   \brief   Data Memory Barrier
 277:Drivers/CMSIS/Include/cmsis_gcc.h ****   \details Ensures the apparent order of the explicit memory operations before
 278:Drivers/CMSIS/Include/cmsis_gcc.h ****            and after the instruction, without ensuring their completion.
 279:Drivers/CMSIS/Include/cmsis_gcc.h ****  */
 280:Drivers/CMSIS/Include/cmsis_gcc.h **** __STATIC_FORCEINLINE void __DMB(void)
 281:Drivers/CMSIS/Include/cmsis_gcc.h **** {
 282:Drivers/CMSIS/Include/cmsis_gcc.h ****   __ASM volatile ("dmb 0xF":::"memory");
 283:Drivers/CMSIS/Include/cmsis_gcc.h **** }
 284:Drivers/CMSIS/Include/cmsis_gcc.h **** 
 285:Drivers/CMSIS/Include/cmsis_gcc.h **** 
 286:Drivers/CMSIS/Include/cmsis_gcc.h **** /**
 287:Drivers/CMSIS/Include/cmsis_gcc.h ****   \brief   Reverse byte order (32 bit)
 288:Drivers/CMSIS/Include/cmsis_gcc.h ****   \details Reverses the byte order in unsigned integer value. For example, 0x12345678 becomes 0x785
 289:Drivers/CMSIS/Include/cmsis_gcc.h ****   \param [in]    value  Value to reverse
 290:Drivers/CMSIS/Include/cmsis_gcc.h ****   \return               Reversed value
 291:Drivers/CMSIS/Include/cmsis_gcc.h ****  */
 292:Drivers/CMSIS/Include/cmsis_gcc.h **** __STATIC_FORCEINLINE uint32_t __REV(uint32_t value)
 293:Drivers/CMSIS/Include/cmsis_gcc.h **** {
 294:Drivers/CMSIS/Include/cmsis_gcc.h **** #if (__GNUC__ > 4) || (__GNUC__ == 4 && __GNUC_MINOR__ >= 5)
 295:Drivers/CMSIS/Include/cmsis_gcc.h ****   return __builtin_bswap32(value);
 296:Drivers/CMSIS/Include/cmsis_gcc.h **** #else
 297:Drivers/CMSIS/Include/cmsis_gcc.h ****   uint32_t result;
 298:Drivers/CMSIS/Include/cmsis_gcc.h **** 
 299:Drivers/CMSIS/Include/cmsis_gcc.h ****   __ASM ("rev %0, %1" : __CMSIS_GCC_OUT_REG (result) : __CMSIS_GCC_USE_REG (value) );
 300:Drivers/CMSIS/Include/cmsis_gcc.h ****   return result;
 301:Drivers/CMSIS/Include/cmsis_gcc.h **** #endif
 302:Drivers/CMSIS/Include/cmsis_gcc.h **** }
 303:Drivers/CMSIS/Include/cmsis_gcc.h **** 
 304:Drivers/CMSIS/Include/cmsis_gcc.h **** 
 305:Drivers/CMSIS/Include/cmsis_gcc.h **** /**
 306:Drivers/CMSIS/Include/cmsis_gcc.h ****   \brief   Reverse byte order (16 bit)
 307:Drivers/CMSIS/Include/cmsis_gcc.h ****   \details Reverses the byte order within each halfword of a word. For example, 0x12345678 becomes 
 308:Drivers/CMSIS/Include/cmsis_gcc.h ****   \param [in]    value  Value to reverse
 309:Drivers/CMSIS/Include/cmsis_gcc.h ****   \return               Reversed value
 310:Drivers/CMSIS/Include/cmsis_gcc.h ****  */
 311:Drivers/CMSIS/Include/cmsis_gcc.h **** __STATIC_FORCEINLINE uint32_t __REV16(uint32_t value)
 312:Drivers/CMSIS/Include/cmsis_gcc.h **** {
 313:Drivers/CMSIS/Include/cmsis_gcc.h ****   uint32_t result;
 314:Drivers/CMSIS/Include/cmsis_gcc.h **** 
 315:Drivers/CMSIS/Include/cmsis_gcc.h ****   __ASM ("rev16 %0, %1" : __CMSIS_GCC_OUT_REG (result) : __CMSIS_GCC_USE_REG (value) );
 316:Drivers/CMSIS/Include/cmsis_gcc.h ****   return result;
 317:Drivers/CMSIS/Include/cmsis_gcc.h **** }
 318:Drivers/CMSIS/Include/cmsis_gcc.h **** 
 319:Drivers/CMSIS/Include/cmsis_gcc.h **** 
 320:Drivers/CMSIS/Include/cmsis_gcc.h **** /**
 321:Drivers/CMSIS/Include/cmsis_gcc.h ****   \brief   Reverse byte order (16 bit)
 322:Drivers/CMSIS/Include/cmsis_gcc.h ****   \details Reverses the byte order in a 16-bit value and returns the signed 16-bit result. For exam
 323:Drivers/CMSIS/Include/cmsis_gcc.h ****   \param [in]    value  Value to reverse
 324:Drivers/CMSIS/Include/cmsis_gcc.h ****   \return               Reversed value
 325:Drivers/CMSIS/Include/cmsis_gcc.h ****  */
 326:Drivers/CMSIS/Include/cmsis_gcc.h **** __STATIC_FORCEINLINE int16_t __REVSH(int16_t value)
 327:Drivers/CMSIS/Include/cmsis_gcc.h **** {
ARM GAS  C:\Users\Toubidou\AppData\Local\Temp\ccxzNCtJ.s 			page 21


 328:Drivers/CMSIS/Include/cmsis_gcc.h **** #if (__GNUC__ > 4) || (__GNUC__ == 4 && __GNUC_MINOR__ >= 8)
 329:Drivers/CMSIS/Include/cmsis_gcc.h ****   return (int16_t)__builtin_bswap16(value);
 330:Drivers/CMSIS/Include/cmsis_gcc.h **** #else
 331:Drivers/CMSIS/Include/cmsis_gcc.h ****   int16_t result;
 332:Drivers/CMSIS/Include/cmsis_gcc.h **** 
 333:Drivers/CMSIS/Include/cmsis_gcc.h ****   __ASM ("revsh %0, %1" : __CMSIS_GCC_OUT_REG (result) : __CMSIS_GCC_USE_REG (value) );
 334:Drivers/CMSIS/Include/cmsis_gcc.h ****   return result;
 335:Drivers/CMSIS/Include/cmsis_gcc.h **** #endif
 336:Drivers/CMSIS/Include/cmsis_gcc.h **** }
 337:Drivers/CMSIS/Include/cmsis_gcc.h **** 
 338:Drivers/CMSIS/Include/cmsis_gcc.h **** 
 339:Drivers/CMSIS/Include/cmsis_gcc.h **** /**
 340:Drivers/CMSIS/Include/cmsis_gcc.h ****   \brief   Rotate Right in unsigned value (32 bit)
 341:Drivers/CMSIS/Include/cmsis_gcc.h ****   \details Rotate Right (immediate) provides the value of the contents of a register rotated by a v
 342:Drivers/CMSIS/Include/cmsis_gcc.h ****   \param [in]    op1  Value to rotate
 343:Drivers/CMSIS/Include/cmsis_gcc.h ****   \param [in]    op2  Number of Bits to rotate
 344:Drivers/CMSIS/Include/cmsis_gcc.h ****   \return               Rotated value
 345:Drivers/CMSIS/Include/cmsis_gcc.h ****  */
 346:Drivers/CMSIS/Include/cmsis_gcc.h **** __STATIC_FORCEINLINE uint32_t __ROR(uint32_t op1, uint32_t op2)
 347:Drivers/CMSIS/Include/cmsis_gcc.h **** {
 348:Drivers/CMSIS/Include/cmsis_gcc.h ****   op2 %= 32U;
 349:Drivers/CMSIS/Include/cmsis_gcc.h ****   if (op2 == 0U)
 350:Drivers/CMSIS/Include/cmsis_gcc.h ****   {
 351:Drivers/CMSIS/Include/cmsis_gcc.h ****     return op1;
 352:Drivers/CMSIS/Include/cmsis_gcc.h ****   }
 353:Drivers/CMSIS/Include/cmsis_gcc.h ****   return (op1 >> op2) | (op1 << (32U - op2));
 354:Drivers/CMSIS/Include/cmsis_gcc.h **** }
 355:Drivers/CMSIS/Include/cmsis_gcc.h **** 
 356:Drivers/CMSIS/Include/cmsis_gcc.h **** 
 357:Drivers/CMSIS/Include/cmsis_gcc.h **** /**
 358:Drivers/CMSIS/Include/cmsis_gcc.h ****   \brief   Breakpoint
 359:Drivers/CMSIS/Include/cmsis_gcc.h ****   \details Causes the processor to enter Debug state.
 360:Drivers/CMSIS/Include/cmsis_gcc.h ****            Debug tools can use this to investigate system state when the instruction at a particula
 361:Drivers/CMSIS/Include/cmsis_gcc.h ****   \param [in]    value  is ignored by the processor.
 362:Drivers/CMSIS/Include/cmsis_gcc.h ****                  If required, a debugger can use it to store additional information about the break
 363:Drivers/CMSIS/Include/cmsis_gcc.h ****  */
 364:Drivers/CMSIS/Include/cmsis_gcc.h **** #define __BKPT(value)                       __ASM volatile ("bkpt "#value)
 365:Drivers/CMSIS/Include/cmsis_gcc.h **** 
 366:Drivers/CMSIS/Include/cmsis_gcc.h **** 
 367:Drivers/CMSIS/Include/cmsis_gcc.h **** /**
 368:Drivers/CMSIS/Include/cmsis_gcc.h ****   \brief   Reverse bit order of value
 369:Drivers/CMSIS/Include/cmsis_gcc.h ****   \details Reverses the bit order of the given value.
 370:Drivers/CMSIS/Include/cmsis_gcc.h ****   \param [in]    value  Value to reverse
 371:Drivers/CMSIS/Include/cmsis_gcc.h ****   \return               Reversed value
 372:Drivers/CMSIS/Include/cmsis_gcc.h ****  */
 373:Drivers/CMSIS/Include/cmsis_gcc.h **** __STATIC_FORCEINLINE uint32_t __RBIT(uint32_t value)
 374:Drivers/CMSIS/Include/cmsis_gcc.h **** {
 375:Drivers/CMSIS/Include/cmsis_gcc.h ****   uint32_t result;
 376:Drivers/CMSIS/Include/cmsis_gcc.h **** 
 377:Drivers/CMSIS/Include/cmsis_gcc.h **** #if ((defined (__ARM_ARCH_7M__      ) && (__ARM_ARCH_7M__      == 1)) || \
 378:Drivers/CMSIS/Include/cmsis_gcc.h ****      (defined (__ARM_ARCH_7EM__     ) && (__ARM_ARCH_7EM__     == 1)) || \
 379:Drivers/CMSIS/Include/cmsis_gcc.h ****      (defined (__ARM_ARCH_8M_MAIN__ ) && (__ARM_ARCH_8M_MAIN__ == 1))    )
 380:Drivers/CMSIS/Include/cmsis_gcc.h ****    __ASM ("rbit %0, %1" : "=r" (result) : "r" (value) );
 381:Drivers/CMSIS/Include/cmsis_gcc.h **** #else
 382:Drivers/CMSIS/Include/cmsis_gcc.h ****   uint32_t s = (4U /*sizeof(v)*/ * 8U) - 1U; /* extra shift needed at end */
 383:Drivers/CMSIS/Include/cmsis_gcc.h **** 
 384:Drivers/CMSIS/Include/cmsis_gcc.h ****   result = value;                      /* r will be reversed bits of v; first get LSB of v */
ARM GAS  C:\Users\Toubidou\AppData\Local\Temp\ccxzNCtJ.s 			page 22


 385:Drivers/CMSIS/Include/cmsis_gcc.h ****   for (value >>= 1U; value != 0U; value >>= 1U)
 386:Drivers/CMSIS/Include/cmsis_gcc.h ****   {
 387:Drivers/CMSIS/Include/cmsis_gcc.h ****     result <<= 1U;
 388:Drivers/CMSIS/Include/cmsis_gcc.h ****     result |= value & 1U;
 389:Drivers/CMSIS/Include/cmsis_gcc.h ****     s--;
 390:Drivers/CMSIS/Include/cmsis_gcc.h ****   }
 391:Drivers/CMSIS/Include/cmsis_gcc.h ****   result <<= s;                        /* shift when v's highest bits are zero */
 392:Drivers/CMSIS/Include/cmsis_gcc.h **** #endif
 393:Drivers/CMSIS/Include/cmsis_gcc.h ****   return result;
 394:Drivers/CMSIS/Include/cmsis_gcc.h **** }
 395:Drivers/CMSIS/Include/cmsis_gcc.h **** 
 396:Drivers/CMSIS/Include/cmsis_gcc.h **** 
 397:Drivers/CMSIS/Include/cmsis_gcc.h **** /**
 398:Drivers/CMSIS/Include/cmsis_gcc.h ****   \brief   Count leading zeros
 399:Drivers/CMSIS/Include/cmsis_gcc.h ****   \details Counts the number of leading zeros of a data value.
 400:Drivers/CMSIS/Include/cmsis_gcc.h ****   \param [in]  value  Value to count the leading zeros
 401:Drivers/CMSIS/Include/cmsis_gcc.h ****   \return             number of leading zeros in value
 402:Drivers/CMSIS/Include/cmsis_gcc.h ****  */
 403:Drivers/CMSIS/Include/cmsis_gcc.h **** __STATIC_FORCEINLINE uint8_t __CLZ(uint32_t value)
 404:Drivers/CMSIS/Include/cmsis_gcc.h **** {
 405:Drivers/CMSIS/Include/cmsis_gcc.h ****   /* Even though __builtin_clz produces a CLZ instruction on ARM, formally
 406:Drivers/CMSIS/Include/cmsis_gcc.h ****      __builtin_clz(0) is undefined behaviour, so handle this case specially.
 407:Drivers/CMSIS/Include/cmsis_gcc.h ****      This guarantees ARM-compatible results if happening to compile on a non-ARM
 408:Drivers/CMSIS/Include/cmsis_gcc.h ****      target, and ensures the compiler doesn't decide to activate any
 409:Drivers/CMSIS/Include/cmsis_gcc.h ****      optimisations using the logic "value was passed to __builtin_clz, so it
 410:Drivers/CMSIS/Include/cmsis_gcc.h ****      is non-zero".
 411:Drivers/CMSIS/Include/cmsis_gcc.h ****      ARM GCC 7.3 and possibly earlier will optimise this test away, leaving a
 412:Drivers/CMSIS/Include/cmsis_gcc.h ****      single CLZ instruction.
 413:Drivers/CMSIS/Include/cmsis_gcc.h ****    */
 414:Drivers/CMSIS/Include/cmsis_gcc.h ****   if (value == 0U)
 415:Drivers/CMSIS/Include/cmsis_gcc.h ****   {
 416:Drivers/CMSIS/Include/cmsis_gcc.h ****     return 32U;
 417:Drivers/CMSIS/Include/cmsis_gcc.h ****   }
 418:Drivers/CMSIS/Include/cmsis_gcc.h ****   return __builtin_clz(value);
 419:Drivers/CMSIS/Include/cmsis_gcc.h **** }
 420:Drivers/CMSIS/Include/cmsis_gcc.h **** 
 421:Drivers/CMSIS/Include/cmsis_gcc.h **** 
 422:Drivers/CMSIS/Include/cmsis_gcc.h **** #if ((defined (__ARM_ARCH_7M__      ) && (__ARM_ARCH_7M__      == 1)) || \
 423:Drivers/CMSIS/Include/cmsis_gcc.h ****      (defined (__ARM_ARCH_7EM__     ) && (__ARM_ARCH_7EM__     == 1)) || \
 424:Drivers/CMSIS/Include/cmsis_gcc.h ****      (defined (__ARM_ARCH_8M_MAIN__ ) && (__ARM_ARCH_8M_MAIN__ == 1)) || \
 425:Drivers/CMSIS/Include/cmsis_gcc.h ****      (defined (__ARM_ARCH_8M_BASE__ ) && (__ARM_ARCH_8M_BASE__ == 1))    )
 426:Drivers/CMSIS/Include/cmsis_gcc.h **** /**
 427:Drivers/CMSIS/Include/cmsis_gcc.h ****   \brief   LDR Exclusive (8 bit)
 428:Drivers/CMSIS/Include/cmsis_gcc.h ****   \details Executes a exclusive LDR instruction for 8 bit value.
 429:Drivers/CMSIS/Include/cmsis_gcc.h ****   \param [in]    ptr  Pointer to data
 430:Drivers/CMSIS/Include/cmsis_gcc.h ****   \return             value of type uint8_t at (*ptr)
 431:Drivers/CMSIS/Include/cmsis_gcc.h ****  */
 432:Drivers/CMSIS/Include/cmsis_gcc.h **** __STATIC_FORCEINLINE uint8_t __LDREXB(volatile uint8_t *addr)
 433:Drivers/CMSIS/Include/cmsis_gcc.h **** {
 434:Drivers/CMSIS/Include/cmsis_gcc.h ****     uint32_t result;
 435:Drivers/CMSIS/Include/cmsis_gcc.h **** 
 436:Drivers/CMSIS/Include/cmsis_gcc.h **** #if (__GNUC__ > 4) || (__GNUC__ == 4 && __GNUC_MINOR__ >= 8)
 437:Drivers/CMSIS/Include/cmsis_gcc.h ****    __ASM volatile ("ldrexb %0, %1" : "=r" (result) : "Q" (*addr) );
 438:Drivers/CMSIS/Include/cmsis_gcc.h **** #else
 439:Drivers/CMSIS/Include/cmsis_gcc.h ****     /* Prior to GCC 4.8, "Q" will be expanded to [rx, #0] which is not
 440:Drivers/CMSIS/Include/cmsis_gcc.h ****        accepted by assembler. So has to use following less efficient pattern.
 441:Drivers/CMSIS/Include/cmsis_gcc.h ****     */
ARM GAS  C:\Users\Toubidou\AppData\Local\Temp\ccxzNCtJ.s 			page 23


 442:Drivers/CMSIS/Include/cmsis_gcc.h ****    __ASM volatile ("ldrexb %0, [%1]" : "=r" (result) : "r" (addr) : "memory" );
 443:Drivers/CMSIS/Include/cmsis_gcc.h **** #endif
 444:Drivers/CMSIS/Include/cmsis_gcc.h ****    return ((uint8_t) result);    /* Add explicit type cast here */
 445:Drivers/CMSIS/Include/cmsis_gcc.h **** }
 446:Drivers/CMSIS/Include/cmsis_gcc.h **** 
 447:Drivers/CMSIS/Include/cmsis_gcc.h **** 
 448:Drivers/CMSIS/Include/cmsis_gcc.h **** /**
 449:Drivers/CMSIS/Include/cmsis_gcc.h ****   \brief   LDR Exclusive (16 bit)
 450:Drivers/CMSIS/Include/cmsis_gcc.h ****   \details Executes a exclusive LDR instruction for 16 bit values.
 451:Drivers/CMSIS/Include/cmsis_gcc.h ****   \param [in]    ptr  Pointer to data
 452:Drivers/CMSIS/Include/cmsis_gcc.h ****   \return        value of type uint16_t at (*ptr)
 453:Drivers/CMSIS/Include/cmsis_gcc.h ****  */
 454:Drivers/CMSIS/Include/cmsis_gcc.h **** __STATIC_FORCEINLINE uint16_t __LDREXH(volatile uint16_t *addr)
 455:Drivers/CMSIS/Include/cmsis_gcc.h **** {
 456:Drivers/CMSIS/Include/cmsis_gcc.h ****     uint32_t result;
 457:Drivers/CMSIS/Include/cmsis_gcc.h **** 
 458:Drivers/CMSIS/Include/cmsis_gcc.h **** #if (__GNUC__ > 4) || (__GNUC__ == 4 && __GNUC_MINOR__ >= 8)
 459:Drivers/CMSIS/Include/cmsis_gcc.h ****    __ASM volatile ("ldrexh %0, %1" : "=r" (result) : "Q" (*addr) );
 460:Drivers/CMSIS/Include/cmsis_gcc.h **** #else
 461:Drivers/CMSIS/Include/cmsis_gcc.h ****     /* Prior to GCC 4.8, "Q" will be expanded to [rx, #0] which is not
 462:Drivers/CMSIS/Include/cmsis_gcc.h ****        accepted by assembler. So has to use following less efficient pattern.
 463:Drivers/CMSIS/Include/cmsis_gcc.h ****     */
 464:Drivers/CMSIS/Include/cmsis_gcc.h ****    __ASM volatile ("ldrexh %0, [%1]" : "=r" (result) : "r" (addr) : "memory" );
 465:Drivers/CMSIS/Include/cmsis_gcc.h **** #endif
 466:Drivers/CMSIS/Include/cmsis_gcc.h ****    return ((uint16_t) result);    /* Add explicit type cast here */
 467:Drivers/CMSIS/Include/cmsis_gcc.h **** }
 468:Drivers/CMSIS/Include/cmsis_gcc.h **** 
 469:Drivers/CMSIS/Include/cmsis_gcc.h **** 
 470:Drivers/CMSIS/Include/cmsis_gcc.h **** /**
 471:Drivers/CMSIS/Include/cmsis_gcc.h ****   \brief   LDR Exclusive (32 bit)
 472:Drivers/CMSIS/Include/cmsis_gcc.h ****   \details Executes a exclusive LDR instruction for 32 bit values.
 473:Drivers/CMSIS/Include/cmsis_gcc.h ****   \param [in]    ptr  Pointer to data
 474:Drivers/CMSIS/Include/cmsis_gcc.h ****   \return        value of type uint32_t at (*ptr)
 475:Drivers/CMSIS/Include/cmsis_gcc.h ****  */
 476:Drivers/CMSIS/Include/cmsis_gcc.h **** __STATIC_FORCEINLINE uint32_t __LDREXW(volatile uint32_t *addr)
 477:Drivers/CMSIS/Include/cmsis_gcc.h **** {
 478:Drivers/CMSIS/Include/cmsis_gcc.h ****     uint32_t result;
 479:Drivers/CMSIS/Include/cmsis_gcc.h **** 
 480:Drivers/CMSIS/Include/cmsis_gcc.h ****    __ASM volatile ("ldrex %0, %1" : "=r" (result) : "Q" (*addr) );
 481:Drivers/CMSIS/Include/cmsis_gcc.h ****    return(result);
 482:Drivers/CMSIS/Include/cmsis_gcc.h **** }
 483:Drivers/CMSIS/Include/cmsis_gcc.h **** 
 484:Drivers/CMSIS/Include/cmsis_gcc.h **** 
 485:Drivers/CMSIS/Include/cmsis_gcc.h **** /**
 486:Drivers/CMSIS/Include/cmsis_gcc.h ****   \brief   STR Exclusive (8 bit)
 487:Drivers/CMSIS/Include/cmsis_gcc.h ****   \details Executes a exclusive STR instruction for 8 bit values.
 488:Drivers/CMSIS/Include/cmsis_gcc.h ****   \param [in]  value  Value to store
 489:Drivers/CMSIS/Include/cmsis_gcc.h ****   \param [in]    ptr  Pointer to location
 490:Drivers/CMSIS/Include/cmsis_gcc.h ****   \return          0  Function succeeded
 491:Drivers/CMSIS/Include/cmsis_gcc.h ****   \return          1  Function failed
 492:Drivers/CMSIS/Include/cmsis_gcc.h ****  */
 493:Drivers/CMSIS/Include/cmsis_gcc.h **** __STATIC_FORCEINLINE uint32_t __STREXB(uint8_t value, volatile uint8_t *addr)
 494:Drivers/CMSIS/Include/cmsis_gcc.h **** {
 495:Drivers/CMSIS/Include/cmsis_gcc.h ****    uint32_t result;
 496:Drivers/CMSIS/Include/cmsis_gcc.h **** 
 497:Drivers/CMSIS/Include/cmsis_gcc.h ****    __ASM volatile ("strexb %0, %2, %1" : "=&r" (result), "=Q" (*addr) : "r" ((uint32_t)value) );
 498:Drivers/CMSIS/Include/cmsis_gcc.h ****    return(result);
ARM GAS  C:\Users\Toubidou\AppData\Local\Temp\ccxzNCtJ.s 			page 24


 499:Drivers/CMSIS/Include/cmsis_gcc.h **** }
 500:Drivers/CMSIS/Include/cmsis_gcc.h **** 
 501:Drivers/CMSIS/Include/cmsis_gcc.h **** 
 502:Drivers/CMSIS/Include/cmsis_gcc.h **** /**
 503:Drivers/CMSIS/Include/cmsis_gcc.h ****   \brief   STR Exclusive (16 bit)
 504:Drivers/CMSIS/Include/cmsis_gcc.h ****   \details Executes a exclusive STR instruction for 16 bit values.
 505:Drivers/CMSIS/Include/cmsis_gcc.h ****   \param [in]  value  Value to store
 506:Drivers/CMSIS/Include/cmsis_gcc.h ****   \param [in]    ptr  Pointer to location
 507:Drivers/CMSIS/Include/cmsis_gcc.h ****   \return          0  Function succeeded
 508:Drivers/CMSIS/Include/cmsis_gcc.h ****   \return          1  Function failed
 509:Drivers/CMSIS/Include/cmsis_gcc.h ****  */
 510:Drivers/CMSIS/Include/cmsis_gcc.h **** __STATIC_FORCEINLINE uint32_t __STREXH(uint16_t value, volatile uint16_t *addr)
 511:Drivers/CMSIS/Include/cmsis_gcc.h **** {
 512:Drivers/CMSIS/Include/cmsis_gcc.h ****    uint32_t result;
 513:Drivers/CMSIS/Include/cmsis_gcc.h **** 
 514:Drivers/CMSIS/Include/cmsis_gcc.h ****    __ASM volatile ("strexh %0, %2, %1" : "=&r" (result), "=Q" (*addr) : "r" ((uint32_t)value) );
 515:Drivers/CMSIS/Include/cmsis_gcc.h ****    return(result);
 516:Drivers/CMSIS/Include/cmsis_gcc.h **** }
 517:Drivers/CMSIS/Include/cmsis_gcc.h **** 
 518:Drivers/CMSIS/Include/cmsis_gcc.h **** 
 519:Drivers/CMSIS/Include/cmsis_gcc.h **** /**
 520:Drivers/CMSIS/Include/cmsis_gcc.h ****   \brief   STR Exclusive (32 bit)
 521:Drivers/CMSIS/Include/cmsis_gcc.h ****   \details Executes a exclusive STR instruction for 32 bit values.
 522:Drivers/CMSIS/Include/cmsis_gcc.h ****   \param [in]  value  Value to store
 523:Drivers/CMSIS/Include/cmsis_gcc.h ****   \param [in]    ptr  Pointer to location
 524:Drivers/CMSIS/Include/cmsis_gcc.h ****   \return          0  Function succeeded
 525:Drivers/CMSIS/Include/cmsis_gcc.h ****   \return          1  Function failed
 526:Drivers/CMSIS/Include/cmsis_gcc.h ****  */
 527:Drivers/CMSIS/Include/cmsis_gcc.h **** __STATIC_FORCEINLINE uint32_t __STREXW(uint32_t value, volatile uint32_t *addr)
 528:Drivers/CMSIS/Include/cmsis_gcc.h **** {
 529:Drivers/CMSIS/Include/cmsis_gcc.h ****    uint32_t result;
 530:Drivers/CMSIS/Include/cmsis_gcc.h **** 
 531:Drivers/CMSIS/Include/cmsis_gcc.h ****    __ASM volatile ("strex %0, %2, %1" : "=&r" (result), "=Q" (*addr) : "r" (value) );
 532:Drivers/CMSIS/Include/cmsis_gcc.h ****    return(result);
 533:Drivers/CMSIS/Include/cmsis_gcc.h **** }
 534:Drivers/CMSIS/Include/cmsis_gcc.h **** 
 535:Drivers/CMSIS/Include/cmsis_gcc.h **** 
 536:Drivers/CMSIS/Include/cmsis_gcc.h **** /**
 537:Drivers/CMSIS/Include/cmsis_gcc.h ****   \brief   Remove the exclusive lock
 538:Drivers/CMSIS/Include/cmsis_gcc.h ****   \details Removes the exclusive lock which is created by LDREX.
 539:Drivers/CMSIS/Include/cmsis_gcc.h ****  */
 540:Drivers/CMSIS/Include/cmsis_gcc.h **** __STATIC_FORCEINLINE void __CLREX(void)
 541:Drivers/CMSIS/Include/cmsis_gcc.h **** {
 542:Drivers/CMSIS/Include/cmsis_gcc.h ****   __ASM volatile ("clrex" ::: "memory");
 543:Drivers/CMSIS/Include/cmsis_gcc.h **** }
 544:Drivers/CMSIS/Include/cmsis_gcc.h **** 
 545:Drivers/CMSIS/Include/cmsis_gcc.h **** #endif /* ((defined (__ARM_ARCH_7M__      ) && (__ARM_ARCH_7M__      == 1)) || \
 546:Drivers/CMSIS/Include/cmsis_gcc.h ****            (defined (__ARM_ARCH_7EM__     ) && (__ARM_ARCH_7EM__     == 1)) || \
 547:Drivers/CMSIS/Include/cmsis_gcc.h ****            (defined (__ARM_ARCH_8M_MAIN__ ) && (__ARM_ARCH_8M_MAIN__ == 1)) || \
 548:Drivers/CMSIS/Include/cmsis_gcc.h ****            (defined (__ARM_ARCH_8M_BASE__ ) && (__ARM_ARCH_8M_BASE__ == 1))    ) */
 549:Drivers/CMSIS/Include/cmsis_gcc.h **** 
 550:Drivers/CMSIS/Include/cmsis_gcc.h **** 
 551:Drivers/CMSIS/Include/cmsis_gcc.h **** #if ((defined (__ARM_ARCH_7M__      ) && (__ARM_ARCH_7M__      == 1)) || \
 552:Drivers/CMSIS/Include/cmsis_gcc.h ****      (defined (__ARM_ARCH_7EM__     ) && (__ARM_ARCH_7EM__     == 1)) || \
 553:Drivers/CMSIS/Include/cmsis_gcc.h ****      (defined (__ARM_ARCH_8M_MAIN__ ) && (__ARM_ARCH_8M_MAIN__ == 1))    )
 554:Drivers/CMSIS/Include/cmsis_gcc.h **** /**
 555:Drivers/CMSIS/Include/cmsis_gcc.h ****   \brief   Signed Saturate
ARM GAS  C:\Users\Toubidou\AppData\Local\Temp\ccxzNCtJ.s 			page 25


 556:Drivers/CMSIS/Include/cmsis_gcc.h ****   \details Saturates a signed value.
 557:Drivers/CMSIS/Include/cmsis_gcc.h ****   \param [in]  ARG1  Value to be saturated
 558:Drivers/CMSIS/Include/cmsis_gcc.h ****   \param [in]  ARG2  Bit position to saturate to (1..32)
 559:Drivers/CMSIS/Include/cmsis_gcc.h ****   \return             Saturated value
 560:Drivers/CMSIS/Include/cmsis_gcc.h ****  */
 561:Drivers/CMSIS/Include/cmsis_gcc.h **** #define __SSAT(ARG1, ARG2) \
 562:Drivers/CMSIS/Include/cmsis_gcc.h **** __extension__ \
 563:Drivers/CMSIS/Include/cmsis_gcc.h **** ({                          \
 564:Drivers/CMSIS/Include/cmsis_gcc.h ****   int32_t __RES, __ARG1 = (ARG1); \
 565:Drivers/CMSIS/Include/cmsis_gcc.h ****   __ASM volatile ("ssat %0, %1, %2" : "=r" (__RES) :  "I" (ARG2), "r" (__ARG1) : "cc" ); \
 566:Drivers/CMSIS/Include/cmsis_gcc.h ****   __RES; \
 567:Drivers/CMSIS/Include/cmsis_gcc.h ****  })
 568:Drivers/CMSIS/Include/cmsis_gcc.h **** 
 569:Drivers/CMSIS/Include/cmsis_gcc.h **** 
 570:Drivers/CMSIS/Include/cmsis_gcc.h **** /**
 571:Drivers/CMSIS/Include/cmsis_gcc.h ****   \brief   Unsigned Saturate
 572:Drivers/CMSIS/Include/cmsis_gcc.h ****   \details Saturates an unsigned value.
 573:Drivers/CMSIS/Include/cmsis_gcc.h ****   \param [in]  ARG1  Value to be saturated
 574:Drivers/CMSIS/Include/cmsis_gcc.h ****   \param [in]  ARG2  Bit position to saturate to (0..31)
 575:Drivers/CMSIS/Include/cmsis_gcc.h ****   \return             Saturated value
 576:Drivers/CMSIS/Include/cmsis_gcc.h ****  */
 577:Drivers/CMSIS/Include/cmsis_gcc.h **** #define __USAT(ARG1, ARG2) \
 578:Drivers/CMSIS/Include/cmsis_gcc.h **** __extension__ \
 579:Drivers/CMSIS/Include/cmsis_gcc.h **** ({                          \
 580:Drivers/CMSIS/Include/cmsis_gcc.h ****   uint32_t __RES, __ARG1 = (ARG1); \
 581:Drivers/CMSIS/Include/cmsis_gcc.h ****   __ASM volatile ("usat %0, %1, %2" : "=r" (__RES) :  "I" (ARG2), "r" (__ARG1) : "cc" ); \
 582:Drivers/CMSIS/Include/cmsis_gcc.h ****   __RES; \
 583:Drivers/CMSIS/Include/cmsis_gcc.h ****  })
 584:Drivers/CMSIS/Include/cmsis_gcc.h **** 
 585:Drivers/CMSIS/Include/cmsis_gcc.h **** 
 586:Drivers/CMSIS/Include/cmsis_gcc.h **** /**
 587:Drivers/CMSIS/Include/cmsis_gcc.h ****   \brief   Rotate Right with Extend (32 bit)
 588:Drivers/CMSIS/Include/cmsis_gcc.h ****   \details Moves each bit of a bitstring right by one bit.
 589:Drivers/CMSIS/Include/cmsis_gcc.h ****            The carry input is shifted in at the left end of the bitstring.
 590:Drivers/CMSIS/Include/cmsis_gcc.h ****   \param [in]    value  Value to rotate
 591:Drivers/CMSIS/Include/cmsis_gcc.h ****   \return               Rotated value
 592:Drivers/CMSIS/Include/cmsis_gcc.h ****  */
 593:Drivers/CMSIS/Include/cmsis_gcc.h **** __STATIC_FORCEINLINE uint32_t __RRX(uint32_t value)
 594:Drivers/CMSIS/Include/cmsis_gcc.h **** {
 595:Drivers/CMSIS/Include/cmsis_gcc.h ****   uint32_t result;
 596:Drivers/CMSIS/Include/cmsis_gcc.h **** 
 597:Drivers/CMSIS/Include/cmsis_gcc.h ****   __ASM volatile ("rrx %0, %1" : __CMSIS_GCC_OUT_REG (result) : __CMSIS_GCC_USE_REG (value) );
 598:Drivers/CMSIS/Include/cmsis_gcc.h ****   return(result);
 599:Drivers/CMSIS/Include/cmsis_gcc.h **** }
 600:Drivers/CMSIS/Include/cmsis_gcc.h **** 
 601:Drivers/CMSIS/Include/cmsis_gcc.h **** 
 602:Drivers/CMSIS/Include/cmsis_gcc.h **** /**
 603:Drivers/CMSIS/Include/cmsis_gcc.h ****   \brief   LDRT Unprivileged (8 bit)
 604:Drivers/CMSIS/Include/cmsis_gcc.h ****   \details Executes a Unprivileged LDRT instruction for 8 bit value.
 605:Drivers/CMSIS/Include/cmsis_gcc.h ****   \param [in]    ptr  Pointer to data
 606:Drivers/CMSIS/Include/cmsis_gcc.h ****   \return             value of type uint8_t at (*ptr)
 607:Drivers/CMSIS/Include/cmsis_gcc.h ****  */
 608:Drivers/CMSIS/Include/cmsis_gcc.h **** __STATIC_FORCEINLINE uint8_t __LDRBT(volatile uint8_t *ptr)
 609:Drivers/CMSIS/Include/cmsis_gcc.h **** {
 610:Drivers/CMSIS/Include/cmsis_gcc.h ****     uint32_t result;
 611:Drivers/CMSIS/Include/cmsis_gcc.h **** 
 612:Drivers/CMSIS/Include/cmsis_gcc.h **** #if (__GNUC__ > 4) || (__GNUC__ == 4 && __GNUC_MINOR__ >= 8)
ARM GAS  C:\Users\Toubidou\AppData\Local\Temp\ccxzNCtJ.s 			page 26


 613:Drivers/CMSIS/Include/cmsis_gcc.h ****    __ASM volatile ("ldrbt %0, %1" : "=r" (result) : "Q" (*ptr) );
 614:Drivers/CMSIS/Include/cmsis_gcc.h **** #else
 615:Drivers/CMSIS/Include/cmsis_gcc.h ****     /* Prior to GCC 4.8, "Q" will be expanded to [rx, #0] which is not
 616:Drivers/CMSIS/Include/cmsis_gcc.h ****        accepted by assembler. So has to use following less efficient pattern.
 617:Drivers/CMSIS/Include/cmsis_gcc.h ****     */
 618:Drivers/CMSIS/Include/cmsis_gcc.h ****    __ASM volatile ("ldrbt %0, [%1]" : "=r" (result) : "r" (ptr) : "memory" );
 619:Drivers/CMSIS/Include/cmsis_gcc.h **** #endif
 620:Drivers/CMSIS/Include/cmsis_gcc.h ****    return ((uint8_t) result);    /* Add explicit type cast here */
 621:Drivers/CMSIS/Include/cmsis_gcc.h **** }
 622:Drivers/CMSIS/Include/cmsis_gcc.h **** 
 623:Drivers/CMSIS/Include/cmsis_gcc.h **** 
 624:Drivers/CMSIS/Include/cmsis_gcc.h **** /**
 625:Drivers/CMSIS/Include/cmsis_gcc.h ****   \brief   LDRT Unprivileged (16 bit)
 626:Drivers/CMSIS/Include/cmsis_gcc.h ****   \details Executes a Unprivileged LDRT instruction for 16 bit values.
 627:Drivers/CMSIS/Include/cmsis_gcc.h ****   \param [in]    ptr  Pointer to data
 628:Drivers/CMSIS/Include/cmsis_gcc.h ****   \return        value of type uint16_t at (*ptr)
 629:Drivers/CMSIS/Include/cmsis_gcc.h ****  */
 630:Drivers/CMSIS/Include/cmsis_gcc.h **** __STATIC_FORCEINLINE uint16_t __LDRHT(volatile uint16_t *ptr)
 631:Drivers/CMSIS/Include/cmsis_gcc.h **** {
 632:Drivers/CMSIS/Include/cmsis_gcc.h ****     uint32_t result;
 633:Drivers/CMSIS/Include/cmsis_gcc.h **** 
 634:Drivers/CMSIS/Include/cmsis_gcc.h **** #if (__GNUC__ > 4) || (__GNUC__ == 4 && __GNUC_MINOR__ >= 8)
 635:Drivers/CMSIS/Include/cmsis_gcc.h ****    __ASM volatile ("ldrht %0, %1" : "=r" (result) : "Q" (*ptr) );
 636:Drivers/CMSIS/Include/cmsis_gcc.h **** #else
 637:Drivers/CMSIS/Include/cmsis_gcc.h ****     /* Prior to GCC 4.8, "Q" will be expanded to [rx, #0] which is not
 638:Drivers/CMSIS/Include/cmsis_gcc.h ****        accepted by assembler. So has to use following less efficient pattern.
 639:Drivers/CMSIS/Include/cmsis_gcc.h ****     */
 640:Drivers/CMSIS/Include/cmsis_gcc.h ****    __ASM volatile ("ldrht %0, [%1]" : "=r" (result) : "r" (ptr) : "memory" );
 641:Drivers/CMSIS/Include/cmsis_gcc.h **** #endif
 642:Drivers/CMSIS/Include/cmsis_gcc.h ****    return ((uint16_t) result);    /* Add explicit type cast here */
 643:Drivers/CMSIS/Include/cmsis_gcc.h **** }
 644:Drivers/CMSIS/Include/cmsis_gcc.h **** 
 645:Drivers/CMSIS/Include/cmsis_gcc.h **** 
 646:Drivers/CMSIS/Include/cmsis_gcc.h **** /**
 647:Drivers/CMSIS/Include/cmsis_gcc.h ****   \brief   LDRT Unprivileged (32 bit)
 648:Drivers/CMSIS/Include/cmsis_gcc.h ****   \details Executes a Unprivileged LDRT instruction for 32 bit values.
 649:Drivers/CMSIS/Include/cmsis_gcc.h ****   \param [in]    ptr  Pointer to data
 650:Drivers/CMSIS/Include/cmsis_gcc.h ****   \return        value of type uint32_t at (*ptr)
 651:Drivers/CMSIS/Include/cmsis_gcc.h ****  */
 652:Drivers/CMSIS/Include/cmsis_gcc.h **** __STATIC_FORCEINLINE uint32_t __LDRT(volatile uint32_t *ptr)
 653:Drivers/CMSIS/Include/cmsis_gcc.h **** {
 654:Drivers/CMSIS/Include/cmsis_gcc.h ****     uint32_t result;
 655:Drivers/CMSIS/Include/cmsis_gcc.h **** 
 656:Drivers/CMSIS/Include/cmsis_gcc.h ****    __ASM volatile ("ldrt %0, %1" : "=r" (result) : "Q" (*ptr) );
 657:Drivers/CMSIS/Include/cmsis_gcc.h ****    return(result);
 658:Drivers/CMSIS/Include/cmsis_gcc.h **** }
 659:Drivers/CMSIS/Include/cmsis_gcc.h **** 
 660:Drivers/CMSIS/Include/cmsis_gcc.h **** 
 661:Drivers/CMSIS/Include/cmsis_gcc.h **** /**
 662:Drivers/CMSIS/Include/cmsis_gcc.h ****   \brief   STRT Unprivileged (8 bit)
 663:Drivers/CMSIS/Include/cmsis_gcc.h ****   \details Executes a Unprivileged STRT instruction for 8 bit values.
 664:Drivers/CMSIS/Include/cmsis_gcc.h ****   \param [in]  value  Value to store
 665:Drivers/CMSIS/Include/cmsis_gcc.h ****   \param [in]    ptr  Pointer to location
 666:Drivers/CMSIS/Include/cmsis_gcc.h ****  */
 667:Drivers/CMSIS/Include/cmsis_gcc.h **** __STATIC_FORCEINLINE void __STRBT(uint8_t value, volatile uint8_t *ptr)
 668:Drivers/CMSIS/Include/cmsis_gcc.h **** {
 669:Drivers/CMSIS/Include/cmsis_gcc.h ****    __ASM volatile ("strbt %1, %0" : "=Q" (*ptr) : "r" ((uint32_t)value) );
ARM GAS  C:\Users\Toubidou\AppData\Local\Temp\ccxzNCtJ.s 			page 27


 670:Drivers/CMSIS/Include/cmsis_gcc.h **** }
 671:Drivers/CMSIS/Include/cmsis_gcc.h **** 
 672:Drivers/CMSIS/Include/cmsis_gcc.h **** 
 673:Drivers/CMSIS/Include/cmsis_gcc.h **** /**
 674:Drivers/CMSIS/Include/cmsis_gcc.h ****   \brief   STRT Unprivileged (16 bit)
 675:Drivers/CMSIS/Include/cmsis_gcc.h ****   \details Executes a Unprivileged STRT instruction for 16 bit values.
 676:Drivers/CMSIS/Include/cmsis_gcc.h ****   \param [in]  value  Value to store
 677:Drivers/CMSIS/Include/cmsis_gcc.h ****   \param [in]    ptr  Pointer to location
 678:Drivers/CMSIS/Include/cmsis_gcc.h ****  */
 679:Drivers/CMSIS/Include/cmsis_gcc.h **** __STATIC_FORCEINLINE void __STRHT(uint16_t value, volatile uint16_t *ptr)
 680:Drivers/CMSIS/Include/cmsis_gcc.h **** {
 681:Drivers/CMSIS/Include/cmsis_gcc.h ****    __ASM volatile ("strht %1, %0" : "=Q" (*ptr) : "r" ((uint32_t)value) );
 682:Drivers/CMSIS/Include/cmsis_gcc.h **** }
 683:Drivers/CMSIS/Include/cmsis_gcc.h **** 
 684:Drivers/CMSIS/Include/cmsis_gcc.h **** 
 685:Drivers/CMSIS/Include/cmsis_gcc.h **** /**
 686:Drivers/CMSIS/Include/cmsis_gcc.h ****   \brief   STRT Unprivileged (32 bit)
 687:Drivers/CMSIS/Include/cmsis_gcc.h ****   \details Executes a Unprivileged STRT instruction for 32 bit values.
 688:Drivers/CMSIS/Include/cmsis_gcc.h ****   \param [in]  value  Value to store
 689:Drivers/CMSIS/Include/cmsis_gcc.h ****   \param [in]    ptr  Pointer to location
 690:Drivers/CMSIS/Include/cmsis_gcc.h ****  */
 691:Drivers/CMSIS/Include/cmsis_gcc.h **** __STATIC_FORCEINLINE void __STRT(uint32_t value, volatile uint32_t *ptr)
 692:Drivers/CMSIS/Include/cmsis_gcc.h **** {
 693:Drivers/CMSIS/Include/cmsis_gcc.h ****    __ASM volatile ("strt %1, %0" : "=Q" (*ptr) : "r" (value) );
 694:Drivers/CMSIS/Include/cmsis_gcc.h **** }
 695:Drivers/CMSIS/Include/cmsis_gcc.h **** 
 696:Drivers/CMSIS/Include/cmsis_gcc.h **** #else  /* ((defined (__ARM_ARCH_7M__      ) && (__ARM_ARCH_7M__      == 1)) || \
 697:Drivers/CMSIS/Include/cmsis_gcc.h ****            (defined (__ARM_ARCH_7EM__     ) && (__ARM_ARCH_7EM__     == 1)) || \
 698:Drivers/CMSIS/Include/cmsis_gcc.h ****            (defined (__ARM_ARCH_8M_MAIN__ ) && (__ARM_ARCH_8M_MAIN__ == 1))    ) */
 699:Drivers/CMSIS/Include/cmsis_gcc.h **** 
 700:Drivers/CMSIS/Include/cmsis_gcc.h **** /**
 701:Drivers/CMSIS/Include/cmsis_gcc.h ****   \brief   Signed Saturate
 702:Drivers/CMSIS/Include/cmsis_gcc.h ****   \details Saturates a signed value.
 703:Drivers/CMSIS/Include/cmsis_gcc.h ****   \param [in]  value  Value to be saturated
 704:Drivers/CMSIS/Include/cmsis_gcc.h ****   \param [in]    sat  Bit position to saturate to (1..32)
 705:Drivers/CMSIS/Include/cmsis_gcc.h ****   \return             Saturated value
 706:Drivers/CMSIS/Include/cmsis_gcc.h ****  */
 707:Drivers/CMSIS/Include/cmsis_gcc.h **** __STATIC_FORCEINLINE int32_t __SSAT(int32_t val, uint32_t sat)
 708:Drivers/CMSIS/Include/cmsis_gcc.h **** {
 709:Drivers/CMSIS/Include/cmsis_gcc.h ****   if ((sat >= 1U) && (sat <= 32U))
 710:Drivers/CMSIS/Include/cmsis_gcc.h ****   {
 711:Drivers/CMSIS/Include/cmsis_gcc.h ****     const int32_t max = (int32_t)((1U << (sat - 1U)) - 1U);
 712:Drivers/CMSIS/Include/cmsis_gcc.h ****     const int32_t min = -1 - max ;
 713:Drivers/CMSIS/Include/cmsis_gcc.h ****     if (val > max)
 714:Drivers/CMSIS/Include/cmsis_gcc.h ****     {
 715:Drivers/CMSIS/Include/cmsis_gcc.h ****       return max;
 716:Drivers/CMSIS/Include/cmsis_gcc.h ****     }
 717:Drivers/CMSIS/Include/cmsis_gcc.h ****     else if (val < min)
 718:Drivers/CMSIS/Include/cmsis_gcc.h ****     {
 719:Drivers/CMSIS/Include/cmsis_gcc.h ****       return min;
 720:Drivers/CMSIS/Include/cmsis_gcc.h ****     }
 721:Drivers/CMSIS/Include/cmsis_gcc.h ****   }
 722:Drivers/CMSIS/Include/cmsis_gcc.h ****   return val;
 723:Drivers/CMSIS/Include/cmsis_gcc.h **** }
 724:Drivers/CMSIS/Include/cmsis_gcc.h **** 
 725:Drivers/CMSIS/Include/cmsis_gcc.h **** /**
 726:Drivers/CMSIS/Include/cmsis_gcc.h ****   \brief   Unsigned Saturate
ARM GAS  C:\Users\Toubidou\AppData\Local\Temp\ccxzNCtJ.s 			page 28


 727:Drivers/CMSIS/Include/cmsis_gcc.h ****   \details Saturates an unsigned value.
 728:Drivers/CMSIS/Include/cmsis_gcc.h ****   \param [in]  value  Value to be saturated
 729:Drivers/CMSIS/Include/cmsis_gcc.h ****   \param [in]    sat  Bit position to saturate to (0..31)
 730:Drivers/CMSIS/Include/cmsis_gcc.h ****   \return             Saturated value
 731:Drivers/CMSIS/Include/cmsis_gcc.h ****  */
 732:Drivers/CMSIS/Include/cmsis_gcc.h **** __STATIC_FORCEINLINE uint32_t __USAT(int32_t val, uint32_t sat)
 733:Drivers/CMSIS/Include/cmsis_gcc.h **** {
 734:Drivers/CMSIS/Include/cmsis_gcc.h ****   if (sat <= 31U)
 735:Drivers/CMSIS/Include/cmsis_gcc.h ****   {
 736:Drivers/CMSIS/Include/cmsis_gcc.h ****     const uint32_t max = ((1U << sat) - 1U);
 737:Drivers/CMSIS/Include/cmsis_gcc.h ****     if (val > (int32_t)max)
 738:Drivers/CMSIS/Include/cmsis_gcc.h ****     {
 739:Drivers/CMSIS/Include/cmsis_gcc.h ****       return max;
 740:Drivers/CMSIS/Include/cmsis_gcc.h ****     }
 741:Drivers/CMSIS/Include/cmsis_gcc.h ****     else if (val < 0)
 742:Drivers/CMSIS/Include/cmsis_gcc.h ****     {
 743:Drivers/CMSIS/Include/cmsis_gcc.h ****       return 0U;
 744:Drivers/CMSIS/Include/cmsis_gcc.h ****     }
 745:Drivers/CMSIS/Include/cmsis_gcc.h ****   }
 746:Drivers/CMSIS/Include/cmsis_gcc.h ****   return (uint32_t)val;
 747:Drivers/CMSIS/Include/cmsis_gcc.h **** }
 748:Drivers/CMSIS/Include/cmsis_gcc.h **** 
 749:Drivers/CMSIS/Include/cmsis_gcc.h **** #endif /* ((defined (__ARM_ARCH_7M__      ) && (__ARM_ARCH_7M__      == 1)) || \
 750:Drivers/CMSIS/Include/cmsis_gcc.h ****            (defined (__ARM_ARCH_7EM__     ) && (__ARM_ARCH_7EM__     == 1)) || \
 751:Drivers/CMSIS/Include/cmsis_gcc.h ****            (defined (__ARM_ARCH_8M_MAIN__ ) && (__ARM_ARCH_8M_MAIN__ == 1))    ) */
 752:Drivers/CMSIS/Include/cmsis_gcc.h **** 
 753:Drivers/CMSIS/Include/cmsis_gcc.h **** 
 754:Drivers/CMSIS/Include/cmsis_gcc.h **** #if ((defined (__ARM_ARCH_8M_MAIN__ ) && (__ARM_ARCH_8M_MAIN__ == 1)) || \
 755:Drivers/CMSIS/Include/cmsis_gcc.h ****      (defined (__ARM_ARCH_8M_BASE__ ) && (__ARM_ARCH_8M_BASE__ == 1))    )
 756:Drivers/CMSIS/Include/cmsis_gcc.h **** /**
 757:Drivers/CMSIS/Include/cmsis_gcc.h ****   \brief   Load-Acquire (8 bit)
 758:Drivers/CMSIS/Include/cmsis_gcc.h ****   \details Executes a LDAB instruction for 8 bit value.
 759:Drivers/CMSIS/Include/cmsis_gcc.h ****   \param [in]    ptr  Pointer to data
 760:Drivers/CMSIS/Include/cmsis_gcc.h ****   \return             value of type uint8_t at (*ptr)
 761:Drivers/CMSIS/Include/cmsis_gcc.h ****  */
 762:Drivers/CMSIS/Include/cmsis_gcc.h **** __STATIC_FORCEINLINE uint8_t __LDAB(volatile uint8_t *ptr)
 763:Drivers/CMSIS/Include/cmsis_gcc.h **** {
 764:Drivers/CMSIS/Include/cmsis_gcc.h ****     uint32_t result;
 765:Drivers/CMSIS/Include/cmsis_gcc.h **** 
 766:Drivers/CMSIS/Include/cmsis_gcc.h ****    __ASM volatile ("ldab %0, %1" : "=r" (result) : "Q" (*ptr) : "memory" );
 767:Drivers/CMSIS/Include/cmsis_gcc.h ****    return ((uint8_t) result);
 768:Drivers/CMSIS/Include/cmsis_gcc.h **** }
 769:Drivers/CMSIS/Include/cmsis_gcc.h **** 
 770:Drivers/CMSIS/Include/cmsis_gcc.h **** 
 771:Drivers/CMSIS/Include/cmsis_gcc.h **** /**
 772:Drivers/CMSIS/Include/cmsis_gcc.h ****   \brief   Load-Acquire (16 bit)
 773:Drivers/CMSIS/Include/cmsis_gcc.h ****   \details Executes a LDAH instruction for 16 bit values.
 774:Drivers/CMSIS/Include/cmsis_gcc.h ****   \param [in]    ptr  Pointer to data
 775:Drivers/CMSIS/Include/cmsis_gcc.h ****   \return        value of type uint16_t at (*ptr)
 776:Drivers/CMSIS/Include/cmsis_gcc.h ****  */
 777:Drivers/CMSIS/Include/cmsis_gcc.h **** __STATIC_FORCEINLINE uint16_t __LDAH(volatile uint16_t *ptr)
 778:Drivers/CMSIS/Include/cmsis_gcc.h **** {
 779:Drivers/CMSIS/Include/cmsis_gcc.h ****     uint32_t result;
 780:Drivers/CMSIS/Include/cmsis_gcc.h **** 
 781:Drivers/CMSIS/Include/cmsis_gcc.h ****    __ASM volatile ("ldah %0, %1" : "=r" (result) : "Q" (*ptr) : "memory" );
 782:Drivers/CMSIS/Include/cmsis_gcc.h ****    return ((uint16_t) result);
 783:Drivers/CMSIS/Include/cmsis_gcc.h **** }
ARM GAS  C:\Users\Toubidou\AppData\Local\Temp\ccxzNCtJ.s 			page 29


 784:Drivers/CMSIS/Include/cmsis_gcc.h **** 
 785:Drivers/CMSIS/Include/cmsis_gcc.h **** 
 786:Drivers/CMSIS/Include/cmsis_gcc.h **** /**
 787:Drivers/CMSIS/Include/cmsis_gcc.h ****   \brief   Load-Acquire (32 bit)
 788:Drivers/CMSIS/Include/cmsis_gcc.h ****   \details Executes a LDA instruction for 32 bit values.
 789:Drivers/CMSIS/Include/cmsis_gcc.h ****   \param [in]    ptr  Pointer to data
 790:Drivers/CMSIS/Include/cmsis_gcc.h ****   \return        value of type uint32_t at (*ptr)
 791:Drivers/CMSIS/Include/cmsis_gcc.h ****  */
 792:Drivers/CMSIS/Include/cmsis_gcc.h **** __STATIC_FORCEINLINE uint32_t __LDA(volatile uint32_t *ptr)
 793:Drivers/CMSIS/Include/cmsis_gcc.h **** {
 794:Drivers/CMSIS/Include/cmsis_gcc.h ****     uint32_t result;
 795:Drivers/CMSIS/Include/cmsis_gcc.h **** 
 796:Drivers/CMSIS/Include/cmsis_gcc.h ****    __ASM volatile ("lda %0, %1" : "=r" (result) : "Q" (*ptr) : "memory" );
 797:Drivers/CMSIS/Include/cmsis_gcc.h ****    return(result);
 798:Drivers/CMSIS/Include/cmsis_gcc.h **** }
 799:Drivers/CMSIS/Include/cmsis_gcc.h **** 
 800:Drivers/CMSIS/Include/cmsis_gcc.h **** 
 801:Drivers/CMSIS/Include/cmsis_gcc.h **** /**
 802:Drivers/CMSIS/Include/cmsis_gcc.h ****   \brief   Store-Release (8 bit)
 803:Drivers/CMSIS/Include/cmsis_gcc.h ****   \details Executes a STLB instruction for 8 bit values.
 804:Drivers/CMSIS/Include/cmsis_gcc.h ****   \param [in]  value  Value to store
 805:Drivers/CMSIS/Include/cmsis_gcc.h ****   \param [in]    ptr  Pointer to location
 806:Drivers/CMSIS/Include/cmsis_gcc.h ****  */
 807:Drivers/CMSIS/Include/cmsis_gcc.h **** __STATIC_FORCEINLINE void __STLB(uint8_t value, volatile uint8_t *ptr)
 808:Drivers/CMSIS/Include/cmsis_gcc.h **** {
 809:Drivers/CMSIS/Include/cmsis_gcc.h ****    __ASM volatile ("stlb %1, %0" : "=Q" (*ptr) : "r" ((uint32_t)value) : "memory" );
 810:Drivers/CMSIS/Include/cmsis_gcc.h **** }
 811:Drivers/CMSIS/Include/cmsis_gcc.h **** 
 812:Drivers/CMSIS/Include/cmsis_gcc.h **** 
 813:Drivers/CMSIS/Include/cmsis_gcc.h **** /**
 814:Drivers/CMSIS/Include/cmsis_gcc.h ****   \brief   Store-Release (16 bit)
 815:Drivers/CMSIS/Include/cmsis_gcc.h ****   \details Executes a STLH instruction for 16 bit values.
 816:Drivers/CMSIS/Include/cmsis_gcc.h ****   \param [in]  value  Value to store
 817:Drivers/CMSIS/Include/cmsis_gcc.h ****   \param [in]    ptr  Pointer to location
 818:Drivers/CMSIS/Include/cmsis_gcc.h ****  */
 819:Drivers/CMSIS/Include/cmsis_gcc.h **** __STATIC_FORCEINLINE void __STLH(uint16_t value, volatile uint16_t *ptr)
 820:Drivers/CMSIS/Include/cmsis_gcc.h **** {
 821:Drivers/CMSIS/Include/cmsis_gcc.h ****    __ASM volatile ("stlh %1, %0" : "=Q" (*ptr) : "r" ((uint32_t)value) : "memory" );
 822:Drivers/CMSIS/Include/cmsis_gcc.h **** }
 823:Drivers/CMSIS/Include/cmsis_gcc.h **** 
 824:Drivers/CMSIS/Include/cmsis_gcc.h **** 
 825:Drivers/CMSIS/Include/cmsis_gcc.h **** /**
 826:Drivers/CMSIS/Include/cmsis_gcc.h ****   \brief   Store-Release (32 bit)
 827:Drivers/CMSIS/Include/cmsis_gcc.h ****   \details Executes a STL instruction for 32 bit values.
 828:Drivers/CMSIS/Include/cmsis_gcc.h ****   \param [in]  value  Value to store
 829:Drivers/CMSIS/Include/cmsis_gcc.h ****   \param [in]    ptr  Pointer to location
 830:Drivers/CMSIS/Include/cmsis_gcc.h ****  */
 831:Drivers/CMSIS/Include/cmsis_gcc.h **** __STATIC_FORCEINLINE void __STL(uint32_t value, volatile uint32_t *ptr)
 832:Drivers/CMSIS/Include/cmsis_gcc.h **** {
 833:Drivers/CMSIS/Include/cmsis_gcc.h ****    __ASM volatile ("stl %1, %0" : "=Q" (*ptr) : "r" ((uint32_t)value) : "memory" );
 834:Drivers/CMSIS/Include/cmsis_gcc.h **** }
 835:Drivers/CMSIS/Include/cmsis_gcc.h **** 
 836:Drivers/CMSIS/Include/cmsis_gcc.h **** 
 837:Drivers/CMSIS/Include/cmsis_gcc.h **** /**
 838:Drivers/CMSIS/Include/cmsis_gcc.h ****   \brief   Load-Acquire Exclusive (8 bit)
 839:Drivers/CMSIS/Include/cmsis_gcc.h ****   \details Executes a LDAB exclusive instruction for 8 bit value.
 840:Drivers/CMSIS/Include/cmsis_gcc.h ****   \param [in]    ptr  Pointer to data
ARM GAS  C:\Users\Toubidou\AppData\Local\Temp\ccxzNCtJ.s 			page 30


 841:Drivers/CMSIS/Include/cmsis_gcc.h ****   \return             value of type uint8_t at (*ptr)
 842:Drivers/CMSIS/Include/cmsis_gcc.h ****  */
 843:Drivers/CMSIS/Include/cmsis_gcc.h **** __STATIC_FORCEINLINE uint8_t __LDAEXB(volatile uint8_t *ptr)
 844:Drivers/CMSIS/Include/cmsis_gcc.h **** {
 845:Drivers/CMSIS/Include/cmsis_gcc.h ****     uint32_t result;
 846:Drivers/CMSIS/Include/cmsis_gcc.h **** 
 847:Drivers/CMSIS/Include/cmsis_gcc.h ****    __ASM volatile ("ldaexb %0, %1" : "=r" (result) : "Q" (*ptr) : "memory" );
 848:Drivers/CMSIS/Include/cmsis_gcc.h ****    return ((uint8_t) result);
 849:Drivers/CMSIS/Include/cmsis_gcc.h **** }
 850:Drivers/CMSIS/Include/cmsis_gcc.h **** 
 851:Drivers/CMSIS/Include/cmsis_gcc.h **** 
 852:Drivers/CMSIS/Include/cmsis_gcc.h **** /**
 853:Drivers/CMSIS/Include/cmsis_gcc.h ****   \brief   Load-Acquire Exclusive (16 bit)
 854:Drivers/CMSIS/Include/cmsis_gcc.h ****   \details Executes a LDAH exclusive instruction for 16 bit values.
 855:Drivers/CMSIS/Include/cmsis_gcc.h ****   \param [in]    ptr  Pointer to data
 856:Drivers/CMSIS/Include/cmsis_gcc.h ****   \return        value of type uint16_t at (*ptr)
 857:Drivers/CMSIS/Include/cmsis_gcc.h ****  */
 858:Drivers/CMSIS/Include/cmsis_gcc.h **** __STATIC_FORCEINLINE uint16_t __LDAEXH(volatile uint16_t *ptr)
 859:Drivers/CMSIS/Include/cmsis_gcc.h **** {
 860:Drivers/CMSIS/Include/cmsis_gcc.h ****     uint32_t result;
 861:Drivers/CMSIS/Include/cmsis_gcc.h **** 
 862:Drivers/CMSIS/Include/cmsis_gcc.h ****    __ASM volatile ("ldaexh %0, %1" : "=r" (result) : "Q" (*ptr) : "memory" );
 863:Drivers/CMSIS/Include/cmsis_gcc.h ****    return ((uint16_t) result);
 864:Drivers/CMSIS/Include/cmsis_gcc.h **** }
 865:Drivers/CMSIS/Include/cmsis_gcc.h **** 
 866:Drivers/CMSIS/Include/cmsis_gcc.h **** 
 867:Drivers/CMSIS/Include/cmsis_gcc.h **** /**
 868:Drivers/CMSIS/Include/cmsis_gcc.h ****   \brief   Load-Acquire Exclusive (32 bit)
 869:Drivers/CMSIS/Include/cmsis_gcc.h ****   \details Executes a LDA exclusive instruction for 32 bit values.
 870:Drivers/CMSIS/Include/cmsis_gcc.h ****   \param [in]    ptr  Pointer to data
 871:Drivers/CMSIS/Include/cmsis_gcc.h ****   \return        value of type uint32_t at (*ptr)
 872:Drivers/CMSIS/Include/cmsis_gcc.h ****  */
 873:Drivers/CMSIS/Include/cmsis_gcc.h **** __STATIC_FORCEINLINE uint32_t __LDAEX(volatile uint32_t *ptr)
 874:Drivers/CMSIS/Include/cmsis_gcc.h **** {
 875:Drivers/CMSIS/Include/cmsis_gcc.h ****     uint32_t result;
 876:Drivers/CMSIS/Include/cmsis_gcc.h **** 
 877:Drivers/CMSIS/Include/cmsis_gcc.h ****    __ASM volatile ("ldaex %0, %1" : "=r" (result) : "Q" (*ptr) : "memory" );
 878:Drivers/CMSIS/Include/cmsis_gcc.h ****    return(result);
 879:Drivers/CMSIS/Include/cmsis_gcc.h **** }
 880:Drivers/CMSIS/Include/cmsis_gcc.h **** 
 881:Drivers/CMSIS/Include/cmsis_gcc.h **** 
 882:Drivers/CMSIS/Include/cmsis_gcc.h **** /**
 883:Drivers/CMSIS/Include/cmsis_gcc.h ****   \brief   Store-Release Exclusive (8 bit)
 884:Drivers/CMSIS/Include/cmsis_gcc.h ****   \details Executes a STLB exclusive instruction for 8 bit values.
 885:Drivers/CMSIS/Include/cmsis_gcc.h ****   \param [in]  value  Value to store
 886:Drivers/CMSIS/Include/cmsis_gcc.h ****   \param [in]    ptr  Pointer to location
 887:Drivers/CMSIS/Include/cmsis_gcc.h ****   \return          0  Function succeeded
 888:Drivers/CMSIS/Include/cmsis_gcc.h ****   \return          1  Function failed
 889:Drivers/CMSIS/Include/cmsis_gcc.h ****  */
 890:Drivers/CMSIS/Include/cmsis_gcc.h **** __STATIC_FORCEINLINE uint32_t __STLEXB(uint8_t value, volatile uint8_t *ptr)
 891:Drivers/CMSIS/Include/cmsis_gcc.h **** {
 892:Drivers/CMSIS/Include/cmsis_gcc.h ****    uint32_t result;
 893:Drivers/CMSIS/Include/cmsis_gcc.h **** 
 894:Drivers/CMSIS/Include/cmsis_gcc.h ****    __ASM volatile ("stlexb %0, %2, %1" : "=&r" (result), "=Q" (*ptr) : "r" ((uint32_t)value) : "mem
 895:Drivers/CMSIS/Include/cmsis_gcc.h ****    return(result);
 896:Drivers/CMSIS/Include/cmsis_gcc.h **** }
 897:Drivers/CMSIS/Include/cmsis_gcc.h **** 
ARM GAS  C:\Users\Toubidou\AppData\Local\Temp\ccxzNCtJ.s 			page 31


 898:Drivers/CMSIS/Include/cmsis_gcc.h **** 
 899:Drivers/CMSIS/Include/cmsis_gcc.h **** /**
 900:Drivers/CMSIS/Include/cmsis_gcc.h ****   \brief   Store-Release Exclusive (16 bit)
 901:Drivers/CMSIS/Include/cmsis_gcc.h ****   \details Executes a STLH exclusive instruction for 16 bit values.
 902:Drivers/CMSIS/Include/cmsis_gcc.h ****   \param [in]  value  Value to store
 903:Drivers/CMSIS/Include/cmsis_gcc.h ****   \param [in]    ptr  Pointer to location
 904:Drivers/CMSIS/Include/cmsis_gcc.h ****   \return          0  Function succeeded
 905:Drivers/CMSIS/Include/cmsis_gcc.h ****   \return          1  Function failed
 906:Drivers/CMSIS/Include/cmsis_gcc.h ****  */
 907:Drivers/CMSIS/Include/cmsis_gcc.h **** __STATIC_FORCEINLINE uint32_t __STLEXH(uint16_t value, volatile uint16_t *ptr)
 908:Drivers/CMSIS/Include/cmsis_gcc.h **** {
 909:Drivers/CMSIS/Include/cmsis_gcc.h ****    uint32_t result;
 910:Drivers/CMSIS/Include/cmsis_gcc.h **** 
 911:Drivers/CMSIS/Include/cmsis_gcc.h ****    __ASM volatile ("stlexh %0, %2, %1" : "=&r" (result), "=Q" (*ptr) : "r" ((uint32_t)value) : "mem
 912:Drivers/CMSIS/Include/cmsis_gcc.h ****    return(result);
 913:Drivers/CMSIS/Include/cmsis_gcc.h **** }
 914:Drivers/CMSIS/Include/cmsis_gcc.h **** 
 915:Drivers/CMSIS/Include/cmsis_gcc.h **** 
 916:Drivers/CMSIS/Include/cmsis_gcc.h **** /**
 917:Drivers/CMSIS/Include/cmsis_gcc.h ****   \brief   Store-Release Exclusive (32 bit)
 918:Drivers/CMSIS/Include/cmsis_gcc.h ****   \details Executes a STL exclusive instruction for 32 bit values.
 919:Drivers/CMSIS/Include/cmsis_gcc.h ****   \param [in]  value  Value to store
 920:Drivers/CMSIS/Include/cmsis_gcc.h ****   \param [in]    ptr  Pointer to location
 921:Drivers/CMSIS/Include/cmsis_gcc.h ****   \return          0  Function succeeded
 922:Drivers/CMSIS/Include/cmsis_gcc.h ****   \return          1  Function failed
 923:Drivers/CMSIS/Include/cmsis_gcc.h ****  */
 924:Drivers/CMSIS/Include/cmsis_gcc.h **** __STATIC_FORCEINLINE uint32_t __STLEX(uint32_t value, volatile uint32_t *ptr)
 925:Drivers/CMSIS/Include/cmsis_gcc.h **** {
 926:Drivers/CMSIS/Include/cmsis_gcc.h ****    uint32_t result;
 927:Drivers/CMSIS/Include/cmsis_gcc.h **** 
 928:Drivers/CMSIS/Include/cmsis_gcc.h ****    __ASM volatile ("stlex %0, %2, %1" : "=&r" (result), "=Q" (*ptr) : "r" ((uint32_t)value) : "memo
 929:Drivers/CMSIS/Include/cmsis_gcc.h ****    return(result);
 930:Drivers/CMSIS/Include/cmsis_gcc.h **** }
 931:Drivers/CMSIS/Include/cmsis_gcc.h **** 
 932:Drivers/CMSIS/Include/cmsis_gcc.h **** #endif /* ((defined (__ARM_ARCH_8M_MAIN__ ) && (__ARM_ARCH_8M_MAIN__ == 1)) || \
 933:Drivers/CMSIS/Include/cmsis_gcc.h ****            (defined (__ARM_ARCH_8M_BASE__ ) && (__ARM_ARCH_8M_BASE__ == 1))    ) */
 934:Drivers/CMSIS/Include/cmsis_gcc.h **** 
 935:Drivers/CMSIS/Include/cmsis_gcc.h **** /*@}*/ /* end of group CMSIS_Core_InstructionInterface */
 936:Drivers/CMSIS/Include/cmsis_gcc.h **** 
 937:Drivers/CMSIS/Include/cmsis_gcc.h **** 
 938:Drivers/CMSIS/Include/cmsis_gcc.h **** /* ###########################  Core Function Access  ########################### */
 939:Drivers/CMSIS/Include/cmsis_gcc.h **** /** \ingroup  CMSIS_Core_FunctionInterface
 940:Drivers/CMSIS/Include/cmsis_gcc.h ****     \defgroup CMSIS_Core_RegAccFunctions CMSIS Core Register Access Functions
 941:Drivers/CMSIS/Include/cmsis_gcc.h ****   @{
 942:Drivers/CMSIS/Include/cmsis_gcc.h ****  */
 943:Drivers/CMSIS/Include/cmsis_gcc.h **** 
 944:Drivers/CMSIS/Include/cmsis_gcc.h **** /**
 945:Drivers/CMSIS/Include/cmsis_gcc.h ****   \brief   Enable IRQ Interrupts
 946:Drivers/CMSIS/Include/cmsis_gcc.h ****   \details Enables IRQ interrupts by clearing special-purpose register PRIMASK.
 947:Drivers/CMSIS/Include/cmsis_gcc.h ****            Can only be executed in Privileged modes.
 948:Drivers/CMSIS/Include/cmsis_gcc.h ****  */
 949:Drivers/CMSIS/Include/cmsis_gcc.h **** __STATIC_FORCEINLINE void __enable_irq(void)
 950:Drivers/CMSIS/Include/cmsis_gcc.h **** {
 951:Drivers/CMSIS/Include/cmsis_gcc.h ****   __ASM volatile ("cpsie i" : : : "memory");
 952:Drivers/CMSIS/Include/cmsis_gcc.h **** }
 953:Drivers/CMSIS/Include/cmsis_gcc.h **** 
 954:Drivers/CMSIS/Include/cmsis_gcc.h **** 
ARM GAS  C:\Users\Toubidou\AppData\Local\Temp\ccxzNCtJ.s 			page 32


 955:Drivers/CMSIS/Include/cmsis_gcc.h **** /**
 956:Drivers/CMSIS/Include/cmsis_gcc.h ****   \brief   Disable IRQ Interrupts
 957:Drivers/CMSIS/Include/cmsis_gcc.h ****   \details Disables IRQ interrupts by setting special-purpose register PRIMASK.
 958:Drivers/CMSIS/Include/cmsis_gcc.h ****            Can only be executed in Privileged modes.
 959:Drivers/CMSIS/Include/cmsis_gcc.h ****  */
 960:Drivers/CMSIS/Include/cmsis_gcc.h **** __STATIC_FORCEINLINE void __disable_irq(void)
 461              		.loc 2 960 27 view .LVU99
 462              	.LBB5:
 961:Drivers/CMSIS/Include/cmsis_gcc.h **** {
 962:Drivers/CMSIS/Include/cmsis_gcc.h ****   __ASM volatile ("cpsid i" : : : "memory");
 463              		.loc 2 962 3 view .LVU100
 464              		.syntax unified
 465              	@ 962 "Drivers/CMSIS/Include/cmsis_gcc.h" 1
 466 0000 72B6     		cpsid i
 467              	@ 0 "" 2
 468              		.thumb
 469              		.syntax unified
 470              	.L25:
 471              	.LBE5:
 472              	.LBE4:
 311:Core/Src/main.c **** 	while (1)
 473              		.loc 1 311 2 view .LVU101
 312:Core/Src/main.c **** 	{
 313:Core/Src/main.c **** 	}
 474              		.loc 1 313 2 view .LVU102
 311:Core/Src/main.c **** 	while (1)
 475              		.loc 1 311 8 view .LVU103
 476 0002 FEE7     		b	.L25
 477              		.cfi_endproc
 478              	.LFE144:
 480              		.section	.text.HAL_CAN_RxFifo0MsgPendingCallback,"ax",%progbits
 481              		.align	1
 482              		.global	HAL_CAN_RxFifo0MsgPendingCallback
 483              		.syntax unified
 484              		.thumb
 485              		.thumb_func
 487              	HAL_CAN_RxFifo0MsgPendingCallback:
 488              	.LVL38:
 489              	.LFB141:
 158:Core/Src/main.c **** 	/* Get RX message */
 490              		.loc 1 158 1 view -0
 491              		.cfi_startproc
 492              		@ args = 0, pretend = 0, frame = 0
 493              		@ frame_needed = 0, uses_anonymous_args = 0
 158:Core/Src/main.c **** 	/* Get RX message */
 494              		.loc 1 158 1 is_stmt 0 view .LVU105
 495 0000 08B5     		push	{r3, lr}
 496              	.LCFI9:
 497              		.cfi_def_cfa_offset 8
 498              		.cfi_offset 3, -8
 499              		.cfi_offset 14, -4
 160:Core/Src/main.c **** 	{
 500              		.loc 1 160 2 is_stmt 1 view .LVU106
 160:Core/Src/main.c **** 	{
 501              		.loc 1 160 6 is_stmt 0 view .LVU107
 502 0002 064B     		ldr	r3, .L30
 503 0004 064A     		ldr	r2, .L30+4
ARM GAS  C:\Users\Toubidou\AppData\Local\Temp\ccxzNCtJ.s 			page 33


 504 0006 0021     		movs	r1, #0
 505 0008 FFF7FEFF 		bl	HAL_CAN_GetRxMessage
 506              	.LVL39:
 160:Core/Src/main.c **** 	{
 507              		.loc 1 160 5 discriminator 1 view .LVU108
 508 000c 18B9     		cbnz	r0, .L29
 165:Core/Src/main.c **** }
 509              		.loc 1 165 2 is_stmt 1 view .LVU109
 165:Core/Src/main.c **** }
 510              		.loc 1 165 17 is_stmt 0 view .LVU110
 511 000e 054B     		ldr	r3, .L30+8
 512 0010 0122     		movs	r2, #1
 513 0012 1A70     		strb	r2, [r3]
 166:Core/Src/main.c **** /* USER CODE END 0 */
 514              		.loc 1 166 1 view .LVU111
 515 0014 08BD     		pop	{r3, pc}
 516              	.L29:
 163:Core/Src/main.c **** 	}
 517              		.loc 1 163 3 is_stmt 1 view .LVU112
 518 0016 FFF7FEFF 		bl	Error_Handler
 519              	.LVL40:
 520              	.L31:
 521 001a 00BF     		.align	2
 522              	.L30:
 523 001c 00000000 		.word	rx_data
 524 0020 00000000 		.word	rx_header
 525 0024 00000000 		.word	flag_recv_data
 526              		.cfi_endproc
 527              	.LFE141:
 529              		.section	.text.SystemClock_Config,"ax",%progbits
 530              		.align	1
 531              		.global	SystemClock_Config
 532              		.syntax unified
 533              		.thumb
 534              		.thumb_func
 536              	SystemClock_Config:
 537              	.LFB143:
 259:Core/Src/main.c **** 	RCC_OscInitTypeDef RCC_OscInitStruct = {0};
 538              		.loc 1 259 1 view -0
 539              		.cfi_startproc
 540              		@ args = 0, pretend = 0, frame = 80
 541              		@ frame_needed = 0, uses_anonymous_args = 0
 542 0000 10B5     		push	{r4, lr}
 543              	.LCFI10:
 544              		.cfi_def_cfa_offset 8
 545              		.cfi_offset 4, -8
 546              		.cfi_offset 14, -4
 547 0002 94B0     		sub	sp, sp, #80
 548              	.LCFI11:
 549              		.cfi_def_cfa_offset 88
 260:Core/Src/main.c **** 	RCC_ClkInitTypeDef RCC_ClkInitStruct = {0};
 550              		.loc 1 260 2 view .LVU114
 260:Core/Src/main.c **** 	RCC_ClkInitTypeDef RCC_ClkInitStruct = {0};
 551              		.loc 1 260 21 is_stmt 0 view .LVU115
 552 0004 08AC     		add	r4, sp, #32
 553 0006 3022     		movs	r2, #48
 554 0008 0021     		movs	r1, #0
ARM GAS  C:\Users\Toubidou\AppData\Local\Temp\ccxzNCtJ.s 			page 34


 555 000a 2046     		mov	r0, r4
 556 000c FFF7FEFF 		bl	memset
 557              	.LVL41:
 261:Core/Src/main.c **** 
 558              		.loc 1 261 2 is_stmt 1 view .LVU116
 261:Core/Src/main.c **** 
 559              		.loc 1 261 21 is_stmt 0 view .LVU117
 560 0010 0023     		movs	r3, #0
 561 0012 0393     		str	r3, [sp, #12]
 562 0014 0493     		str	r3, [sp, #16]
 563 0016 0593     		str	r3, [sp, #20]
 564 0018 0693     		str	r3, [sp, #24]
 565 001a 0793     		str	r3, [sp, #28]
 265:Core/Src/main.c **** 	__HAL_PWR_VOLTAGESCALING_CONFIG(PWR_REGULATOR_VOLTAGE_SCALE1);
 566              		.loc 1 265 2 is_stmt 1 view .LVU118
 567              	.LBB6:
 265:Core/Src/main.c **** 	__HAL_PWR_VOLTAGESCALING_CONFIG(PWR_REGULATOR_VOLTAGE_SCALE1);
 568              		.loc 1 265 2 view .LVU119
 569 001c 0193     		str	r3, [sp, #4]
 265:Core/Src/main.c **** 	__HAL_PWR_VOLTAGESCALING_CONFIG(PWR_REGULATOR_VOLTAGE_SCALE1);
 570              		.loc 1 265 2 view .LVU120
 571 001e 1F4A     		ldr	r2, .L38
 572 0020 116C     		ldr	r1, [r2, #64]
 573 0022 41F08051 		orr	r1, r1, #268435456
 574 0026 1164     		str	r1, [r2, #64]
 265:Core/Src/main.c **** 	__HAL_PWR_VOLTAGESCALING_CONFIG(PWR_REGULATOR_VOLTAGE_SCALE1);
 575              		.loc 1 265 2 view .LVU121
 576 0028 126C     		ldr	r2, [r2, #64]
 577 002a 02F08052 		and	r2, r2, #268435456
 578 002e 0192     		str	r2, [sp, #4]
 265:Core/Src/main.c **** 	__HAL_PWR_VOLTAGESCALING_CONFIG(PWR_REGULATOR_VOLTAGE_SCALE1);
 579              		.loc 1 265 2 view .LVU122
 580 0030 019A     		ldr	r2, [sp, #4]
 581              	.LBE6:
 265:Core/Src/main.c **** 	__HAL_PWR_VOLTAGESCALING_CONFIG(PWR_REGULATOR_VOLTAGE_SCALE1);
 582              		.loc 1 265 2 view .LVU123
 266:Core/Src/main.c **** 
 583              		.loc 1 266 2 view .LVU124
 584              	.LBB7:
 266:Core/Src/main.c **** 
 585              		.loc 1 266 2 view .LVU125
 586 0032 0293     		str	r3, [sp, #8]
 266:Core/Src/main.c **** 
 587              		.loc 1 266 2 view .LVU126
 588 0034 1A4B     		ldr	r3, .L38+4
 589 0036 1A68     		ldr	r2, [r3]
 590 0038 42F48042 		orr	r2, r2, #16384
 591 003c 1A60     		str	r2, [r3]
 266:Core/Src/main.c **** 
 592              		.loc 1 266 2 view .LVU127
 593 003e 1B68     		ldr	r3, [r3]
 594 0040 03F48043 		and	r3, r3, #16384
 595 0044 0293     		str	r3, [sp, #8]
 266:Core/Src/main.c **** 
 596              		.loc 1 266 2 view .LVU128
 597 0046 029B     		ldr	r3, [sp, #8]
 598              	.LBE7:
ARM GAS  C:\Users\Toubidou\AppData\Local\Temp\ccxzNCtJ.s 			page 35


 266:Core/Src/main.c **** 
 599              		.loc 1 266 2 view .LVU129
 271:Core/Src/main.c **** 	RCC_OscInitStruct.HSEState = RCC_HSE_ON;
 600              		.loc 1 271 2 view .LVU130
 271:Core/Src/main.c **** 	RCC_OscInitStruct.HSEState = RCC_HSE_ON;
 601              		.loc 1 271 35 is_stmt 0 view .LVU131
 602 0048 0123     		movs	r3, #1
 603 004a 0893     		str	r3, [sp, #32]
 272:Core/Src/main.c **** 	RCC_OscInitStruct.PLL.PLLState = RCC_PLL_ON;
 604              		.loc 1 272 2 is_stmt 1 view .LVU132
 272:Core/Src/main.c **** 	RCC_OscInitStruct.PLL.PLLState = RCC_PLL_ON;
 605              		.loc 1 272 29 is_stmt 0 view .LVU133
 606 004c 4FF48033 		mov	r3, #65536
 607 0050 0993     		str	r3, [sp, #36]
 273:Core/Src/main.c **** 	RCC_OscInitStruct.PLL.PLLSource = RCC_PLLSOURCE_HSE;
 608              		.loc 1 273 2 is_stmt 1 view .LVU134
 273:Core/Src/main.c **** 	RCC_OscInitStruct.PLL.PLLSource = RCC_PLLSOURCE_HSE;
 609              		.loc 1 273 33 is_stmt 0 view .LVU135
 610 0052 0222     		movs	r2, #2
 611 0054 0E92     		str	r2, [sp, #56]
 274:Core/Src/main.c **** 	RCC_OscInitStruct.PLL.PLLM = 4;
 612              		.loc 1 274 2 is_stmt 1 view .LVU136
 274:Core/Src/main.c **** 	RCC_OscInitStruct.PLL.PLLM = 4;
 613              		.loc 1 274 34 is_stmt 0 view .LVU137
 614 0056 4FF48003 		mov	r3, #4194304
 615 005a 0F93     		str	r3, [sp, #60]
 275:Core/Src/main.c **** 	RCC_OscInitStruct.PLL.PLLN = 168;
 616              		.loc 1 275 2 is_stmt 1 view .LVU138
 275:Core/Src/main.c **** 	RCC_OscInitStruct.PLL.PLLN = 168;
 617              		.loc 1 275 29 is_stmt 0 view .LVU139
 618 005c 0423     		movs	r3, #4
 619 005e 1093     		str	r3, [sp, #64]
 276:Core/Src/main.c **** 	RCC_OscInitStruct.PLL.PLLP = RCC_PLLP_DIV2;
 620              		.loc 1 276 2 is_stmt 1 view .LVU140
 276:Core/Src/main.c **** 	RCC_OscInitStruct.PLL.PLLP = RCC_PLLP_DIV2;
 621              		.loc 1 276 29 is_stmt 0 view .LVU141
 622 0060 A821     		movs	r1, #168
 623 0062 1191     		str	r1, [sp, #68]
 277:Core/Src/main.c **** 	RCC_OscInitStruct.PLL.PLLQ = 4;
 624              		.loc 1 277 2 is_stmt 1 view .LVU142
 277:Core/Src/main.c **** 	RCC_OscInitStruct.PLL.PLLQ = 4;
 625              		.loc 1 277 29 is_stmt 0 view .LVU143
 626 0064 1292     		str	r2, [sp, #72]
 278:Core/Src/main.c **** 	if (HAL_RCC_OscConfig(&RCC_OscInitStruct) != HAL_OK)
 627              		.loc 1 278 2 is_stmt 1 view .LVU144
 278:Core/Src/main.c **** 	if (HAL_RCC_OscConfig(&RCC_OscInitStruct) != HAL_OK)
 628              		.loc 1 278 29 is_stmt 0 view .LVU145
 629 0066 1393     		str	r3, [sp, #76]
 279:Core/Src/main.c **** 	{
 630              		.loc 1 279 2 is_stmt 1 view .LVU146
 279:Core/Src/main.c **** 	{
 631              		.loc 1 279 6 is_stmt 0 view .LVU147
 632 0068 2046     		mov	r0, r4
 633 006a FFF7FEFF 		bl	HAL_RCC_OscConfig
 634              	.LVL42:
 279:Core/Src/main.c **** 	{
 635              		.loc 1 279 5 discriminator 1 view .LVU148
ARM GAS  C:\Users\Toubidou\AppData\Local\Temp\ccxzNCtJ.s 			page 36


 636 006e 88B9     		cbnz	r0, .L36
 286:Core/Src/main.c **** 	RCC_ClkInitStruct.SYSCLKSource = RCC_SYSCLKSOURCE_PLLCLK;
 637              		.loc 1 286 2 is_stmt 1 view .LVU149
 286:Core/Src/main.c **** 	RCC_ClkInitStruct.SYSCLKSource = RCC_SYSCLKSOURCE_PLLCLK;
 638              		.loc 1 286 30 is_stmt 0 view .LVU150
 639 0070 0F23     		movs	r3, #15
 640 0072 0393     		str	r3, [sp, #12]
 287:Core/Src/main.c **** 	RCC_ClkInitStruct.AHBCLKDivider = RCC_SYSCLK_DIV1;
 641              		.loc 1 287 2 is_stmt 1 view .LVU151
 287:Core/Src/main.c **** 	RCC_ClkInitStruct.AHBCLKDivider = RCC_SYSCLK_DIV1;
 642              		.loc 1 287 33 is_stmt 0 view .LVU152
 643 0074 0223     		movs	r3, #2
 644 0076 0493     		str	r3, [sp, #16]
 288:Core/Src/main.c **** 	RCC_ClkInitStruct.APB1CLKDivider = RCC_HCLK_DIV4;
 645              		.loc 1 288 2 is_stmt 1 view .LVU153
 288:Core/Src/main.c **** 	RCC_ClkInitStruct.APB1CLKDivider = RCC_HCLK_DIV4;
 646              		.loc 1 288 34 is_stmt 0 view .LVU154
 647 0078 0590     		str	r0, [sp, #20]
 289:Core/Src/main.c **** 	RCC_ClkInitStruct.APB2CLKDivider = RCC_HCLK_DIV2;
 648              		.loc 1 289 2 is_stmt 1 view .LVU155
 289:Core/Src/main.c **** 	RCC_ClkInitStruct.APB2CLKDivider = RCC_HCLK_DIV2;
 649              		.loc 1 289 35 is_stmt 0 view .LVU156
 650 007a 4FF4A053 		mov	r3, #5120
 651 007e 0693     		str	r3, [sp, #24]
 290:Core/Src/main.c **** 
 652              		.loc 1 290 2 is_stmt 1 view .LVU157
 290:Core/Src/main.c **** 
 653              		.loc 1 290 35 is_stmt 0 view .LVU158
 654 0080 4FF48053 		mov	r3, #4096
 655 0084 0793     		str	r3, [sp, #28]
 292:Core/Src/main.c **** 	{
 656              		.loc 1 292 2 is_stmt 1 view .LVU159
 292:Core/Src/main.c **** 	{
 657              		.loc 1 292 6 is_stmt 0 view .LVU160
 658 0086 0521     		movs	r1, #5
 659 0088 03A8     		add	r0, sp, #12
 660 008a FFF7FEFF 		bl	HAL_RCC_ClockConfig
 661              	.LVL43:
 292:Core/Src/main.c **** 	{
 662              		.loc 1 292 5 discriminator 1 view .LVU161
 663 008e 18B9     		cbnz	r0, .L37
 296:Core/Src/main.c **** 
 664              		.loc 1 296 1 view .LVU162
 665 0090 14B0     		add	sp, sp, #80
 666              	.LCFI12:
 667              		.cfi_remember_state
 668              		.cfi_def_cfa_offset 8
 669              		@ sp needed
 670 0092 10BD     		pop	{r4, pc}
 671              	.L36:
 672              	.LCFI13:
 673              		.cfi_restore_state
 281:Core/Src/main.c **** 	}
 674              		.loc 1 281 3 is_stmt 1 view .LVU163
 675 0094 FFF7FEFF 		bl	Error_Handler
 676              	.LVL44:
 677              	.L37:
ARM GAS  C:\Users\Toubidou\AppData\Local\Temp\ccxzNCtJ.s 			page 37


 294:Core/Src/main.c **** 	}
 678              		.loc 1 294 3 view .LVU164
 679 0098 FFF7FEFF 		bl	Error_Handler
 680              	.LVL45:
 681              	.L39:
 682              		.align	2
 683              	.L38:
 684 009c 00380240 		.word	1073887232
 685 00a0 00700040 		.word	1073770496
 686              		.cfi_endproc
 687              	.LFE143:
 689              		.section	.rodata.main.str1.4,"aMS",%progbits,1
 690              		.align	2
 691              	.LC14:
 692 0000 30313233 		.ascii	"01234567\000"
 692      34353637 
 692      00
 693              		.section	.text.main,"ax",%progbits
 694              		.align	1
 695              		.global	main
 696              		.syntax unified
 697              		.thumb
 698              		.thumb_func
 700              	main:
 701              	.LFB142:
 174:Core/Src/main.c **** 
 702              		.loc 1 174 1 view -0
 703              		.cfi_startproc
 704              		@ args = 0, pretend = 0, frame = 8
 705              		@ frame_needed = 0, uses_anonymous_args = 0
 706 0000 00B5     		push	{lr}
 707              	.LCFI14:
 708              		.cfi_def_cfa_offset 4
 709              		.cfi_offset 14, -4
 710 0002 83B0     		sub	sp, sp, #12
 711              	.LCFI15:
 712              		.cfi_def_cfa_offset 16
 183:Core/Src/main.c **** 
 713              		.loc 1 183 2 view .LVU166
 714 0004 FFF7FEFF 		bl	HAL_Init
 715              	.LVL46:
 190:Core/Src/main.c **** 
 716              		.loc 1 190 2 view .LVU167
 717 0008 FFF7FEFF 		bl	SystemClock_Config
 718              	.LVL47:
 197:Core/Src/main.c **** 	MX_CAN1_Init();
 719              		.loc 1 197 2 view .LVU168
 720 000c FFF7FEFF 		bl	MX_GPIO_Init
 721              	.LVL48:
 198:Core/Src/main.c **** 	MX_TIM2_Init();
 722              		.loc 1 198 2 view .LVU169
 723 0010 FFF7FEFF 		bl	MX_CAN1_Init
 724              	.LVL49:
 199:Core/Src/main.c **** 	MX_USART2_UART_Init();
 725              		.loc 1 199 2 view .LVU170
 726 0014 FFF7FEFF 		bl	MX_TIM2_Init
 727              	.LVL50:
ARM GAS  C:\Users\Toubidou\AppData\Local\Temp\ccxzNCtJ.s 			page 38


 200:Core/Src/main.c **** 	/* USER CODE BEGIN 2 */
 728              		.loc 1 200 2 view .LVU171
 729 0018 FFF7FEFF 		bl	MX_USART2_UART_Init
 730              	.LVL51:
 202:Core/Src/main.c **** 	uint8_t can_test_data[8] = {0x30, 0x31, 0x32, 0x33, 0x34, 0x35, 0x36, 0x37};
 731              		.loc 1 202 2 view .LVU172
 732 001c FFF7FEFF 		bl	bsp_can_create
 733              	.LVL52:
 203:Core/Src/main.c **** 	/* USER CODE END 2 */
 734              		.loc 1 203 2 view .LVU173
 203:Core/Src/main.c **** 	/* USER CODE END 2 */
 735              		.loc 1 203 10 is_stmt 0 view .LVU174
 736 0020 0E4B     		ldr	r3, .L44
 737 0022 93E80300 		ldm	r3, {r0, r1}
 738 0026 02AB     		add	r3, sp, #8
 739 0028 03E90300 		stmdb	r3, {r0, r1}
 740              	.L41:
 209:Core/Src/main.c **** 	{
 741              		.loc 1 209 2 is_stmt 1 view .LVU175
 742              	.LBB8:
 226:Core/Src/main.c **** 
 743              		.loc 1 226 3 view .LVU176
 226:Core/Src/main.c **** 
 744              		.loc 1 226 27 is_stmt 0 view .LVU177
 745 002c 0C4B     		ldr	r3, .L44+4
 746 002e 6A46     		mov	r2, sp
 747 0030 0C49     		ldr	r1, .L44+8
 748 0032 0D48     		ldr	r0, .L44+12
 749 0034 FFF7FEFF 		bl	HAL_CAN_AddTxMessage
 750              	.LVL53:
 238:Core/Src/main.c **** 		// loop_cnt++;
 751              		.loc 1 238 3 is_stmt 1 view .LVU178
 752 0038 4FF47A70 		mov	r0, #1000
 753 003c FFF7FEFF 		bl	HAL_Delay
 754              	.LVL54:
 241:Core/Src/main.c **** 		{
 755              		.loc 1 241 3 view .LVU179
 241:Core/Src/main.c **** 		{
 756              		.loc 1 241 22 is_stmt 0 view .LVU180
 757 0040 0A4B     		ldr	r3, .L44+16
 758 0042 1B78     		ldrb	r3, [r3]	@ zero_extendqisi2
 241:Core/Src/main.c **** 		{
 759              		.loc 1 241 6 view .LVU181
 760 0044 012B     		cmp	r3, #1
 761 0046 F1D1     		bne	.L41
 243:Core/Src/main.c **** 			flag_recv_data = 0;
 762              		.loc 1 243 4 is_stmt 1 view .LVU182
 763 0048 6423     		movs	r3, #100
 764 004a 1022     		movs	r2, #16
 765 004c 0849     		ldr	r1, .L44+20
 766 004e 0948     		ldr	r0, .L44+24
 767 0050 FFF7FEFF 		bl	HAL_UART_Transmit
 768              	.LVL55:
 244:Core/Src/main.c **** 		}
 769              		.loc 1 244 4 view .LVU183
 244:Core/Src/main.c **** 		}
 770              		.loc 1 244 19 is_stmt 0 view .LVU184
ARM GAS  C:\Users\Toubidou\AppData\Local\Temp\ccxzNCtJ.s 			page 39


 771 0054 054B     		ldr	r3, .L44+16
 772 0056 0022     		movs	r2, #0
 773 0058 1A70     		strb	r2, [r3]
 774 005a E7E7     		b	.L41
 775              	.L45:
 776              		.align	2
 777              	.L44:
 778 005c 00000000 		.word	.LC14
 779 0060 00000000 		.word	tx_mailbox
 780 0064 00000000 		.word	tx_header
 781 0068 00000000 		.word	hcan1
 782 006c 00000000 		.word	flag_recv_data
 783 0070 00000000 		.word	rx_data
 784 0074 00000000 		.word	huart2
 785              	.LBE8:
 786              		.cfi_endproc
 787              	.LFE142:
 789              		.global	uart_buf
 790              		.section	.bss.uart_buf,"aw",%nobits
 791              		.align	2
 794              	uart_buf:
 795 0000 00000000 		.space	128
 795      00000000 
 795      00000000 
 795      00000000 
 795      00000000 
 796              		.global	flag_recv_data
 797              		.section	.bss.flag_recv_data,"aw",%nobits
 800              	flag_recv_data:
 801 0000 00       		.space	1
 802              		.global	rx_data
 803              		.section	.bss.rx_data,"aw",%nobits
 804              		.align	2
 807              	rx_data:
 808 0000 00000000 		.space	16
 808      00000000 
 808      00000000 
 808      00000000 
 809              		.global	tx_mailbox
 810              		.section	.bss.tx_mailbox,"aw",%nobits
 811              		.align	2
 814              	tx_mailbox:
 815 0000 00000000 		.space	4
 816              		.global	rx_header
 817              		.section	.bss.rx_header,"aw",%nobits
 818              		.align	2
 821              	rx_header:
 822 0000 00000000 		.space	28
 822      00000000 
 822      00000000 
 822      00000000 
 822      00000000 
 823              		.global	tx_header
 824              		.section	.bss.tx_header,"aw",%nobits
 825              		.align	2
 828              	tx_header:
 829 0000 00000000 		.space	24
ARM GAS  C:\Users\Toubidou\AppData\Local\Temp\ccxzNCtJ.s 			page 40


 829      00000000 
 829      00000000 
 829      00000000 
 829      00000000 
 830              		.text
 831              	.Letext0:
 832              		.file 3 "D:/code_env/arm-gnu-toolchain-15.2.rel1-mingw-w64-i686-arm-none-eabi/arm-none-eabi/includ
 833              		.file 4 "D:/code_env/arm-gnu-toolchain-15.2.rel1-mingw-w64-i686-arm-none-eabi/arm-none-eabi/includ
 834              		.file 5 "Drivers/CMSIS/Device/ST/STM32F4xx/Include/stm32f407xx.h"
 835              		.file 6 "Drivers/CMSIS/Device/ST/STM32F4xx/Include/stm32f4xx.h"
 836              		.file 7 "D:/code_env/arm-gnu-toolchain-15.2.rel1-mingw-w64-i686-arm-none-eabi/lib/gcc/arm-none-eab
 837              		.file 8 "Drivers/STM32F4xx_HAL_Driver/Inc/stm32f4xx_hal_def.h"
 838              		.file 9 "Drivers/STM32F4xx_HAL_Driver/Inc/stm32f4xx_hal_rcc_ex.h"
 839              		.file 10 "Drivers/STM32F4xx_HAL_Driver/Inc/stm32f4xx_hal_rcc.h"
 840              		.file 11 "Drivers/STM32F4xx_HAL_Driver/Inc/stm32f4xx_hal_dma.h"
 841              		.file 12 "Drivers/STM32F4xx_HAL_Driver/Inc/stm32f4xx_hal_can.h"
 842              		.file 13 "Drivers/STM32F4xx_HAL_Driver/Inc/stm32f4xx_hal_uart.h"
 843              		.file 14 "Core/Inc/can.h"
 844              		.file 15 "Core/Inc/usart.h"
 845              		.file 16 "Core/Inc/tim.h"
 846              		.file 17 "Core/Inc/gpio.h"
 847              		.file 18 "Drivers/STM32F4xx_HAL_Driver/Inc/stm32f4xx_hal.h"
 848              		.file 19 "D:/code_env/arm-gnu-toolchain-15.2.rel1-mingw-w64-i686-arm-none-eabi/arm-none-eabi/inclu
 849              		.file 20 "D:/code_env/arm-gnu-toolchain-15.2.rel1-mingw-w64-i686-arm-none-eabi/arm-none-eabi/inclu
 850              		.file 21 "<built-in>"
ARM GAS  C:\Users\Toubidou\AppData\Local\Temp\ccxzNCtJ.s 			page 41


DEFINED SYMBOLS
                            *ABS*:00000000 main.c
C:\Users\Toubidou\AppData\Local\Temp\ccxzNCtJ.s:21     .text.uart_print:00000000 $t
C:\Users\Toubidou\AppData\Local\Temp\ccxzNCtJ.s:27     .text.uart_print:00000000 uart_print
C:\Users\Toubidou\AppData\Local\Temp\ccxzNCtJ.s:59     .text.uart_print:00000018 $d
C:\Users\Toubidou\AppData\Local\Temp\ccxzNCtJ.s:64     .rodata.uart_print_hex.str1.4:00000000 $d
C:\Users\Toubidou\AppData\Local\Temp\ccxzNCtJ.s:68     .text.uart_print_hex:00000000 $t
C:\Users\Toubidou\AppData\Local\Temp\ccxzNCtJ.s:74     .text.uart_print_hex:00000000 uart_print_hex
C:\Users\Toubidou\AppData\Local\Temp\ccxzNCtJ.s:108    .text.uart_print_hex:00000018 $d
C:\Users\Toubidou\AppData\Local\Temp\ccxzNCtJ.s:794    .bss.uart_buf:00000000 uart_buf
C:\Users\Toubidou\AppData\Local\Temp\ccxzNCtJ.s:114    .rodata.dump_all_regs.str1.4:00000000 $d
C:\Users\Toubidou\AppData\Local\Temp\ccxzNCtJ.s:139    .text.dump_all_regs:00000000 $t
C:\Users\Toubidou\AppData\Local\Temp\ccxzNCtJ.s:145    .text.dump_all_regs:00000000 dump_all_regs
C:\Users\Toubidou\AppData\Local\Temp\ccxzNCtJ.s:241    .text.dump_all_regs:00000058 $d
C:\Users\Toubidou\AppData\Local\Temp\ccxzNCtJ.s:254    .rodata.bsp_can_create.str1.4:00000000 $d
C:\Users\Toubidou\AppData\Local\Temp\ccxzNCtJ.s:270    .text.bsp_can_create:00000000 $t
C:\Users\Toubidou\AppData\Local\Temp\ccxzNCtJ.s:276    .text.bsp_can_create:00000000 bsp_can_create
C:\Users\Toubidou\AppData\Local\Temp\ccxzNCtJ.s:431    .text.bsp_can_create:00000098 $d
C:\Users\Toubidou\AppData\Local\Temp\ccxzNCtJ.s:828    .bss.tx_header:00000000 tx_header
C:\Users\Toubidou\AppData\Local\Temp\ccxzNCtJ.s:443    .text.Error_Handler:00000000 $t
C:\Users\Toubidou\AppData\Local\Temp\ccxzNCtJ.s:449    .text.Error_Handler:00000000 Error_Handler
C:\Users\Toubidou\AppData\Local\Temp\ccxzNCtJ.s:481    .text.HAL_CAN_RxFifo0MsgPendingCallback:00000000 $t
C:\Users\Toubidou\AppData\Local\Temp\ccxzNCtJ.s:487    .text.HAL_CAN_RxFifo0MsgPendingCallback:00000000 HAL_CAN_RxFifo0MsgPendingCallback
C:\Users\Toubidou\AppData\Local\Temp\ccxzNCtJ.s:523    .text.HAL_CAN_RxFifo0MsgPendingCallback:0000001c $d
C:\Users\Toubidou\AppData\Local\Temp\ccxzNCtJ.s:807    .bss.rx_data:00000000 rx_data
C:\Users\Toubidou\AppData\Local\Temp\ccxzNCtJ.s:821    .bss.rx_header:00000000 rx_header
C:\Users\Toubidou\AppData\Local\Temp\ccxzNCtJ.s:800    .bss.flag_recv_data:00000000 flag_recv_data
C:\Users\Toubidou\AppData\Local\Temp\ccxzNCtJ.s:530    .text.SystemClock_Config:00000000 $t
C:\Users\Toubidou\AppData\Local\Temp\ccxzNCtJ.s:536    .text.SystemClock_Config:00000000 SystemClock_Config
C:\Users\Toubidou\AppData\Local\Temp\ccxzNCtJ.s:684    .text.SystemClock_Config:0000009c $d
C:\Users\Toubidou\AppData\Local\Temp\ccxzNCtJ.s:690    .rodata.main.str1.4:00000000 $d
C:\Users\Toubidou\AppData\Local\Temp\ccxzNCtJ.s:694    .text.main:00000000 $t
C:\Users\Toubidou\AppData\Local\Temp\ccxzNCtJ.s:700    .text.main:00000000 main
C:\Users\Toubidou\AppData\Local\Temp\ccxzNCtJ.s:778    .text.main:0000005c $d
C:\Users\Toubidou\AppData\Local\Temp\ccxzNCtJ.s:814    .bss.tx_mailbox:00000000 tx_mailbox
C:\Users\Toubidou\AppData\Local\Temp\ccxzNCtJ.s:791    .bss.uart_buf:00000000 $d
C:\Users\Toubidou\AppData\Local\Temp\ccxzNCtJ.s:801    .bss.flag_recv_data:00000000 $d
C:\Users\Toubidou\AppData\Local\Temp\ccxzNCtJ.s:804    .bss.rx_data:00000000 $d
C:\Users\Toubidou\AppData\Local\Temp\ccxzNCtJ.s:811    .bss.tx_mailbox:00000000 $d
C:\Users\Toubidou\AppData\Local\Temp\ccxzNCtJ.s:818    .bss.rx_header:00000000 $d
C:\Users\Toubidou\AppData\Local\Temp\ccxzNCtJ.s:825    .bss.tx_header:00000000 $d

UNDEFINED SYMBOLS
strlen
HAL_UART_Transmit
huart2
sprintf
HAL_CAN_ConfigFilter
HAL_GetTick
hcan1
HAL_CAN_GetRxMessage
memset
HAL_RCC_OscConfig
HAL_RCC_ClockConfig
HAL_Init
MX_GPIO_Init
MX_CAN1_Init
ARM GAS  C:\Users\Toubidou\AppData\Local\Temp\ccxzNCtJ.s 			page 42


MX_TIM2_Init
MX_USART2_UART_Init
HAL_CAN_AddTxMessage
HAL_Delay
